0.01,2.384935219246007,0.01,0
0.031205,2.384958070910262,0.031205,0
0.05241,2.385004612154869,0.05241,0
0.073614,2.38507463195599,0.073614,0
0.094819,2.38516812824589,0.094819,0
0.116024,2.385285307882477,0.116024,0
0.137229,2.385426167375549,0.137229,0
0.158434,2.385590702530507,0.158434,0
0.179639,2.385778908448978,0.179639,0
0.200843,2.385990989086086,0.200843,0
0.222048,2.38622651900443,0.222048,0
0.243253,2.386486119800407,0.243253,0
0.264458,2.386769783619694,0.264458,0
0.285663,2.387077292422681,0.285663,0
0.306868,2.38740884642744,0.306868,0
0.328072,2.387764435617551,0.328072,0
0.349277,2.388144258624257,0.349277,0
0.370482,2.388548513218854,0.370482,0
0.391687,2.388976977704055,0.391687,0
0.412892,2.38943005756603,0.412892,0
0.434096,2.389907738804994,0.434096,0
0.455301,2.390410215841624,0.455301,0
0.476506,2.390937473042739,0.476506,0
0.497711,2.391489703093032,0.497711,0
0.518916,2.392066888696886,0.518916,0
0.540121,2.39266963870903,0.540121,0
0.561325,2.393297515980827,0.561325,0
0.58253,2.393950918460944,0.58253,0
0.603735,2.394630242855878,0.603735,0
0.6249400000000001,2.395335467111027,0.6249400000000001,0
0.646145,2.396066568357399,0.646145,0
0.66735,2.396824148743499,0.66735,0
0.688554,2.397607974628046,0.688554,0
0.709759,2.398418437220661,0.709759,0
0.7309639999999999,2.399255926323826,0.7309639999999999,0
0.752169,2.400120621968821,0.752169,0
0.773374,2.401012494761325,0.773374,0
0.794578,2.401931930759071,0.794578,0
0.815783,2.40287910640548,0.815783,0
0.836988,2.403854404908916,0.836988,0
0.858193,2.404858207878377,0.858193,0
0.879398,2.405890479635347,0.879398,0
0.900603,2.40695180674645,0.900603,0
0.921807,2.408042358431429,0.921807,0
0.943012,2.409162510085196,0.943012,0
0.964217,2.410312635323476,0.964217,0
0.985422,2.411492898600367,0.985422,0
1.006627,2.412703877395649,1.006627,0
1.027832,2.413945939742645,1.027832,0
1.049036,2.415219451726903,1.049036,0
1.070241,2.41652477744384,1.070241,0
1.091446,2.417862278956351,1.091446,0
1.112651,2.419232729606677,1.112651,4.133541960481751e-07
1.133856,2.42063607343202,1.133856,6.196718360365813e-07
1.15506,2.422073491866088,1.15506,6.193040818279731e-07
1.176265,2.423545130588975,1.176265,1.237856049031335e-06
1.19747,2.425051133482396,1.19747,2.061812194788633e-06
1.218675,2.426592672866045,1.218675,2.67865310593016e-06
1.23988,2.42817009289171,1.23988,3.706494872969088e-06
1.261085,2.42978373523877,1.261085,5.55605003203027e-06
1.282289,2.431434555986096,1.282289,6.580477340263439e-06
1.303494,2.433123506947598,1.303494,7.808892539053999e-06
1.324699,2.434850919485309,1.324699,1.088362321813185e-05
1.345904,2.436616916999127,1.345904,1.436417836378854e-05
1.367109,2.43842264595161,1.367109,1.701919889437557e-05
1.388314,2.44026945242115,1.388314,2.048954059167185e-05
1.409518,2.442158062166249,1.409518,2.456843434072349e-05
1.430723,2.444089196588357,1.430723,2.966340185178224e-05
1.451928,2.446063368212082,1.451928,3.618058352457481e-05
1.473133,2.448081902600404,1.473133,4.289072187023923e-05
1.494338,2.450146322692335,1.494338,5.101736122544885e-05
1.515542,2.452256716524912,1.515542,6.116814727805688e-05
1.536747,2.454414595226221,1.536747,7.252238490848522e-05
1.557952,2.456621258424307,1.557952,8.568679411942241e-05
1.579157,2.458877998262068,1.579157,0.0001016723888605696
1.600362,2.461185286476141,1.600362,0.0001198609473333773
1.621567,2.463545213667225,1.621567,0.0001406509602818295
1.642771,2.465959250928657,1.642771,0.0001650473339519814
1.663976,2.468428454961495,1.663976,0.0001930378006469031
1.685181,2.470954279478048,1.685181,0.0002264307375683964
1.706386,2.47353796609088,1.706386,0.0002639943307730932
1.727591,2.476181757176694,1.727591,0.0003075299290098363
1.748795,2.478886872720895,1.748795,0.0003574184888185325
1.77,2.481655530405952,1.77,0.0004142396023157326
1.791205,2.484489329742972,1.791205,0.0004791729172462015
1.81241,2.487390059350428,1.81241,0.0005543963620889119
1.833615,2.490359293240722,1.833615,0.000639867510011524
1.85482,2.493398993961689,1.85482,0.0007369458335588921
1.876024,2.496511509698481,1.876024,0.0008473824341612997
1.897229,2.499698570830465,1.897229,0.0009721172097932954
1.918434,2.502962692547293,1.918434,0.001113680203184783
1.939639,2.506305771751984,1.939639,0.00127338812206024
1.960844,2.509729689417909,1.960844,0.001453941440540685
1.982049,2.513236906011174,1.982049,0.001657026438709111
2.003253,2.51682906752493,2.003253,0.001885507467007588
2.024458,2.520508795012246,2.024458,0.002141432718140455
2.045663,2.524277896002812,2.045663,0.002428219178920851
2.066868,2.528138752928317,2.066868,0.002748464652880156
2.088073,2.53209313548915,2.088073,0.003105928407519156
2.109277,2.53614318949331,2.109277,0.003503942536373672
2.130482,2.540290452870015,2.130482,0.003947776912151844
2.151687,2.544536048877835,2.151687,0.004438923160464243
2.172892,2.548882662277222,2.172892,0.004982575380168175
2.194097,2.553331388545762,2.194097,0.005583881537648858
2.215302,2.557883309882862,2.215302,0.006247157537742324
2.236506,2.562539694297213,2.236506,0.006977452891672634
2.257711,2.567301410786182,2.257711,0.007780348624466043
2.278916,2.572168737841348,2.278916,0.00866117361285421
2.300121,2.577142534743271,2.300121,0.009625195217412012
2.321326,2.582222693038137,2.321326,0.01067878462781085
2.342531,2.587408919452505,2.342531,0.01182862893062768
2.363735,2.592700540211351,2.363735,0.01308018395261162
2.38494,2.598096716206785,2.38494,0.01444114830905078
2.406145,2.603596041157564,2.406145,0.01591683169927361
2.42735,2.609196205998304,2.42735,0.01751688887747436
2.448555,2.614894711669381,2.448555,0.01924456069891758
2.469759,2.62068951909358,2.469759,0.021108185306565
2.490964,2.626577679412373,2.490964,0.02311505975090104
2.512169,2.632555535267951,2.512169,0.02527145167831321
2.533374,2.638617843712307,2.533374,0.02758849682361847
2.554579,2.644759162019564,2.554579,0.03006700993495292
2.575784,2.650975729117194,2.575784,0.03271568994291834
2.596988,2.657261780406845,2.596988,0.0355410974922991
2.618193,2.66361092673842,2.618193,0.03855086302928511
2.639398,2.670015922438354,2.639398,0.04174956376222647
2.660603,2.676469866283775,2.660603,0.04514360558363535
2.681808,2.682964662568628,2.681808,0.04873787635906115
2.703013,2.689492372167343,2.703013,0.05253779540788681
2.724217,2.696043878918137,2.724217,0.05654729924543234
2.745422,2.702610410661474,2.745422,0.06077032018825162
2.766627,2.709182612159607,2.766627,0.06521062818248735
2.787832,2.715750351642677,2.787832,0.06987111311068202
2.809037,2.722303113233095,2.809037,0.07475453376619456
2.830241,2.72883065461632,2.830241,0.07986076366862015
2.851446,2.735322407226407,2.851446,0.08519196837066377
2.872651,2.741767350795592,2.872651,0.09074803517804006
2.893856,2.748154378849216,2.893856,0.09652714637926629
2.915061,2.754473106352396,2.915061,0.1025285014940601
2.936266,2.760712336431389,2.936266,0.1087501932157434
2.95747,2.766860948842723,2.95747,0.1151890195758864
2.978675,2.772908435362838,2.978675,0.1218408425216505
2.99988,2.778844011408701,2.99988,0.128701358741867
3.021085,2.784657291841286,3.021085,0.1357653601064917
3.04229,2.790338043463044,3.04229,0.1430258605888107
3.063495,2.795877159306393,3.063495,0.1504762105157622
3.084699,2.801265346075132,3.084699,0.1581092632372574
3.105904,2.806493715623273,3.105904,0.1659155683862236
3.127109,2.811554324583409,3.127109,0.1738870900431347
3.148314,2.816439956979266,3.148314,0.1820138216437659
3.169519,2.821143352952187,3.169519,0.1902861474367262
3.190723,2.825658616090671,3.190723,0.1986922612671284
3.211928,2.829980213201901,3.211928,0.2072221202340122
3.233133,2.834103732520568,3.233133,0.2158633055593565
3.254338,2.838025596963782,3.254338,0.2246047395351011
3.275543,2.841742810983093,3.275543,0.2334335103923472
3.296748,2.845253727657329,3.296748,0.242338141339584
3.317952,2.848557157787354,3.317952,0.2513063492663254
3.339157,2.851652729347259,3.339157,0.2603253518074499
3.360362,2.854541299583816,3.360362,0.2693826850962404
3.381567,2.857225050525886,3.381567,0.2784672141431623
3.402772,2.859706355919396,3.402772,0.2875664133479232
3.423977,2.861988772612417,3.423977,0.2966694028030641
3.445181,2.864076357759918,3.445181,0.3057652417776107
3.466386,2.865973723878152,3.466386,0.3148434308668362
3.487591,2.867687364277,3.487591,0.3238932219636065
3.508796,2.869223304182126,3.508796,0.3329059465701905
3.530001,2.870589277217016,3.530001,0.3418724886171893
3.551205,2.871792888197073,3.551205,0.3507853940791811
3.57241,2.872842029309037,3.57241,0.3596377696578382
3.593615,2.873745853915823,3.593615,0.368422628103081
3.61482,2.874513105794338,3.61482,0.3771360436015221
3.636025,2.87515274798041,3.636025,0.3857723735822739
3.65723,2.875674852090718,3.65723,0.3943270913175644
3.678434,2.876089539135593,3.678434,0.4027990033815783
3.699639,2.876406374684238,3.699639,0.4111868581607622
3.720844,2.876634667920082,3.720844,0.4194901818632759
3.742049,2.876783751064334,3.742049,0.4277087214305819
3.763254,2.876862774443847,3.763254,0.4358433468354762
3.784459,2.876881143157959,3.784459,0.4438965103014971
3.805663,2.876847103326768,3.805663,0.4518719463737669
3.826868,2.876768197346849,3.826868,0.459773054088907
3.848073,2.876651600321132,3.848073,0.4676028546000628
3.869278,2.876504788899008,3.869278,0.4753670166922876
3.890483,2.876333966409418,3.890483,0.4830715126361033
3.911687,2.876144266775463,3.911687,0.4907227764281636
3.932892,2.875939865657747,3.932892,0.4983263096400757
3.954097,2.875724980031585,3.954097,0.5058894748634905
3.975302,2.875502735897951,3.975302,0.5134189168277649
3.996507,2.875274562772417,3.996507,0.5209220779791501
4.017712,2.875042252518921,4.017712,0.5284051038446442
4.038916,2.874806437487885,4.038916,0.5358750348931944
4.060121,2.874566708236762,4.060121,0.5433394520031982
4.081326,2.874322075331115,4.081326,0.5508043143765023
4.102531,2.87407030237665,4.102531,0.5582760096971788
4.123736,2.873809360776583,4.123736,0.5657589964703299
4.144941,2.873536499111149,4.144941,0.5732608583567823
4.166145,2.873246961078847,4.166145,0.5807831775704461
4.18735,2.872937572126455,4.18735,0.5883317884798098
4.208555,2.872603724421731,4.208555,0.5959086822337792
4.22976,2.872240978798426,4.22976,0.6035165617354187
4.250965,2.871844623358035,4.250965,0.6111575416457288
4.272169,2.871409333608592,4.272169,0.6188332256226539
4.293374,2.870929967790865,4.293374,0.6265427997827888
4.314579,2.87040162168086,4.314579,0.6342873715817692
4.335784,2.869818942740885,4.335784,0.6420636760590119
4.356989,2.869178275166604,4.356989,0.6498707369069733
4.378194,2.86847490115524,4.378194,0.6577068180865697
4.399398,2.867704659759968,4.399398,0.6655681900519551
4.420603,2.866864208827568,4.420603,0.6734518482092938
4.441808,2.865949995153252,4.441808,0.6813526067455274
4.463013,2.864960542599992,4.463013,0.6892662117461181
4.484218,2.863893747277048,4.484218,0.6971889239600497
4.505422,2.862748087522534,4.505422,0.7051146095592706
4.526627,2.861523491781891,4.526627,0.7130383538209026
4.547832,2.860220159315856,4.547832,0.7209558653321421
4.569037,2.858838803050709,4.569037,0.7288609619319768
4.590242,2.857380902902481,4.590242,0.7367500419218163
4.611447,2.855848477199857,4.611447,0.7446163607689132
4.632651,2.854244836666043,4.632651,0.7524576982360986
4.653856,2.852572911822217,4.653856,0.7602678588904591
4.675061,2.850837195599118,4.675061,0.7680447355534979
4.696266,2.849041959160689,4.696266,0.7757848187855836
4.717471,2.847192251150364,4.717471,0.7834862570656077
4.738676,2.845293149704311,4.738676,0.7911460723243697
4.75988,2.843350867682634,4.75988,0.7987647693480157
4.781085,2.841370761861602,4.781085,0.806341618894858
4.80229,2.839358552330518,4.80229,0.8138771336586725
4.823495,2.837320664832375,4.823495,0.8213729695362727
4.8447,2.83526256662,4.8447,0.8288309970534576
4.865904,2.833190499909212,4.865904,0.8362543923805767
4.887109,2.831109666407875,4.887109,0.8436479972287648
4.908314,2.829025251969393,4.908314,0.8510152033192411
4.929519,2.826941826782829,4.929519,0.8583636129369885
4.950724,2.824862736794986,4.950724,0.8656971073839046
4.971929,2.822792355770566,4.971929,0.873023300832653
4.993133,2.820733257181305,4.993133,0.8803499918604278
5.014338,2.81868708368909,5.014338,0.8876845587007305
5.035543,2.816655054427331,5.035543,0.8950355834440502
5.056748,2.814637619350117,5.056748,0.9024117287917378
5.077953,2.812633443486506,5.077953,0.9098218987355496
5.099158,2.810641183854911,5.099158,0.9172741489769213
5.120362,2.808658396289703,5.120362,0.9247794261599082
5.141567,2.806679817490703,5.141567,0.9323457501965909
5.162772,2.804700968624994,5.162772,0.9399800654301045
5.183977,2.802716444484033,5.183977,0.9476911248825873
5.205182,2.800719122564306,5.205182,0.9554871027373281
5.226386,2.79870153187579,5.226386,0.9633738965344094
5.247591,2.796655080454168,5.247591,0.9713596857138492
5.268796,2.794569346949907,5.268796,0.9794482298274003
5.290001,2.792435060490751,5.290001,0.987644453767642
5.311206,2.79024125674724,5.311206,0.9959529461045942
5.332411,2.787975873201295,5.332411,1.004376159390754
5.353615,2.785626469265115,5.353615,1.012914520712598
5.37482,2.783181416211488,5.37482,1.02156977027758
5.396025,2.780626956591528,5.396025,1.030339396375515
5.41723,2.777950705533876,5.41723,1.039222364259046
5.438435,2.775139524421907,5.438435,1.048213422929056
5.45964,2.77218090719939,5.45964,1.057309785370794
5.480844,2.769061885008058,5.480844,1.066503972334084
5.502049,2.765770016057294,5.502049,1.075789376096253
5.523254,2.762293251114089,5.523254,1.085157594614923
5.544459,2.758619456454791,5.544459,1.094598239323875
5.565664,2.754738152936182,5.565664,1.104099312218899
5.586868,2.750639521541803,5.586868,1.113650653242621
5.608073,2.746313716422947,5.608073,1.123237298620741
5.629278,2.741752682362662,5.629278,1.132845431311284
5.650483,2.736949191036406,5.650483,1.142460009941196
5.671688,2.73189724354494,5.671688,1.152066208726062
5.692893,2.726591120377617,5.692893,1.16164630491474
5.714097,2.721027541016664,5.714097,1.171183110777813
5.735302,2.715203785928377,5.735302,1.180659815154133
5.756507,2.709118400320372,5.756507,1.190056514185109
5.777712,2.702772745959664,5.777712,1.199356292476237
5.798917,2.696168115142727,5.798917,1.208541478440971
5.820122,2.689306782343177,5.820122,1.217593515733807
5.841326,2.682192887871891,5.841326,1.226491209813813
5.862531,2.67483407458425,5.862531,1.235217926746929
5.883736,2.667237762110569,5.883736,1.243757323447222
5.904941,2.659410943955254,5.904941,1.252089680825209
5.926146,2.651365409266077,5.926146,1.260198608733033
5.94735,2.643112641320292,5.94735,1.268067598634684
5.968555,2.634666266879332,5.968555,1.27568073507123
5.98976,2.6260410052961,5.98976,1.283025471881425
6.010965,2.617251414023724,6.010965,1.290086417341561
6.03217,2.608314916209127,6.03217,1.296851457229789
6.053375,2.599249749501356,6.053375,1.303309349418957
6.074579,2.590074628823171,6.074579,1.309450107057725
6.095784,2.580810026042166,6.095784,1.315264380464919
6.116989,2.571477094624248,6.116989,1.320746549560953
6.138194,2.562096833473235,6.138194,1.325889582164962
6.159399,2.552692191764264,6.159399,1.330690206582373
6.180604,2.543285850083702,6.180604,1.335146027682357
6.201808,2.533901408076435,6.201808,1.339255145911989
6.223013,2.524563298340503,6.223013,1.343020791844965
6.244218,2.515294886104197,6.244218,1.346444712590134
6.265423,2.506120335975022,6.265423,1.349532562922273
6.286628,2.497063557275703,6.286628,1.352291170227178
6.307832,2.488147818693128,6.307832,1.354728595574542
6.329037,2.47939694972331,6.329037,1.356854536896735
6.350242,2.470834570576533,6.350242,1.358682624881954
6.371447,2.462482584050735,6.371447,1.360228097325292
6.392652,2.454361515273243,6.392652,1.36150521396518
6.413857,2.446492568895341,6.413857,1.362533261854596
6.435061,2.438894665338933,6.435061,1.363330916769184
6.456266,2.431585996890619,6.456266,1.363919887777338
6.477471,2.424583352936986,6.477471,1.364323068535879
6.498676,2.417901429884939,6.498676,1.364564518313308
6.519881,2.411553873773916,6.519881,1.364670321401466
6.541086,2.405551791532907,6.541086,1.36466714687032
6.56229,2.399904502234917,6.56229,1.364582214396561
6.583495,2.394620004320168,6.583495,1.36444529574854
6.6047,2.389702780785809,6.6047,1.364284933763994
6.625905,2.385156333423646,6.625905,1.364131128180473
6.64711,2.38098134644825,6.64711,1.364013626080958
6.668314,2.377177212894302,6.668314,1.36396499277068
6.689519,2.373738562776682,6.689519,1.364014576319882
6.710724,2.370659197276908,6.710724,1.364192079449809
6.731929,2.367930633998985,6.731929,1.364527935745851
6.753134,2.365541524647398,6.753134,1.365050440398133
6.774339,2.36347868332808,6.774339,1.365787862937079
6.795543,2.361726958193282,6.795543,1.366767436346394
6.816748,2.360268230487037,6.816748,1.368016125579814
6.837953,2.359082003614062,6.837953,1.369556460966739
6.859158,2.358147461028596,6.859158,1.371411480174938
6.880363,2.357441424493246,6.880363,1.373602952063201
6.901568,2.356938524669307,6.901568,1.37614832379011
6.922772,2.356612952768361,6.922772,1.379066934255048
6.943977,2.356436478777649,6.943977,1.382370383983252
6.965182,2.356382088781455,6.965182,1.386074871112687
6.986387,2.356418970051708,6.986387,1.390189326106179
7.007592,2.356517337439824,7.007592,1.39472218081397
7.028796,2.356646407208173,7.028796,1.39968006651777
7.050001,2.35677450368859,7.050001,1.405062297991302
7.071206,2.356874138093811,7.071206,1.410875509325838
7.092411,2.356911803563329,7.092411,1.417116879363218
7.113616,2.356856878408861,7.113616,1.423784163875678
7.134821,2.356678268059984,7.134821,1.430869476628182
7.156025,2.356347610568815,7.156025,1.438367151263321
7.17723,2.355835394763367,7.17723,1.446266368004134
7.198435,2.355113722309928,7.198435,1.454556511453757
7.21964,2.354155301752582,7.21964,1.463223559395415
7.240845,2.352934334317848,7.240845,1.472253368687529
7.26205,2.351425592001563,7.26205,1.481629277086512
7.283254,2.349604937867336,7.283254,1.491332412324819
7.304459,2.347450504682028,7.304459,1.501343688810762
7.325664,2.344941332474428,7.325664,1.511641443182526
7.346869,2.342058573223417,7.346869,1.52220509801055
7.368074,2.338783850188984,7.368074,1.533011056028237
7.389278,2.335101071362911,7.389278,1.544035949542696
7.410483,2.330995532741189,7.410483,1.555255661831642
7.431688,2.326453450760582,7.431688,1.566644713569678
7.452893,2.321463766689799,7.452893,1.578177119354348
7.474098,2.316016362068906,7.474098,1.589827282874114
7.495303,2.310102941076592,7.495303,1.601569105087483
7.516507,2.303716766200147,7.516507,1.613375634770671
7.537712,2.296852363147068,7.537712,1.625219609189562
7.558917,2.289507269749383,7.558917,1.637075605534233
7.580122,2.281678618083177,7.580122,1.648916709909252
7.601327,2.27336610037788,7.601327,1.660716238960566
7.622531,2.264571330618854,7.622531,1.672449195479746
7.643736,2.255295953838336,7.643736,1.684089617389637
7.664941,2.245543952581721,7.664941,1.695611878637425
7.686146,2.23532090472652,7.686146,1.706991372886046
7.707351,2.224633474383493,7.707351,1.718204613935014
7.728556,2.213488875983004,7.728556,1.729227574410177
7.74976,2.201897099079789,7.74976,1.740038170539942
7.770965,2.189867748248213,7.770965,1.750614393525227
7.79217,2.177412318064651,7.79217,1.76093566119256
7.813375,2.164542646006037,7.813375,1.77098104630705
7.83458,2.151272585591848,7.83458,1.780731798311872
7.855785,2.13761598555167,7.855785,1.79016929414121
7.876989,2.123588342443859,7.876989,1.799276923701145
7.898194,2.109205141812812,7.898194,1.808037978099355
7.919399,2.094483247666079,7.919399,1.816438018417872
7.940604,2.079439036439804,7.940604,1.824461757963072
7.961809,2.064090879719541,7.961809,1.832096656768247
7.983013,2.048456961980243,7.983013,1.839330564386219
8.004218,2.032556819876777,8.004218,1.846152817625777
8.025423,2.016409230770154,8.025423,1.852554502824433
8.046628,2.000033133181332,8.046628,1.858526710548744
8.067833,1.983448421021358,8.067833,1.864061329155272
8.089038,1.966675324177035,8.089038,1.869152703961569
8.110242,1.949733901265725,8.110242,1.873795956272951
8.131447,1.932643326888861,8.131447,1.877985683909237
8.152652,1.915425155002097,8.152652,1.881719831541032
8.173857,1.898099398677578,8.173857,1.884997699537106
8.195062,1.88068403573441,8.195062,1.887817375242178
8.216267,1.863198979660914,8.216267,1.890178149754533
8.237470999999999,1.845664181222088,8.237470999999999,1.892081200648165
8.258675999999999,1.828099292280921,8.258675999999999,1.893528986426668
8.279881,1.810522488751454,8.279881,1.894524658661048
8.301086,1.792951957025009,8.301086,1.895071692627962
8.322291,1.775405386256422,8.322291,1.895174209815107
8.343495000000001,1.75790056801903,8.343495000000001,1.894837831330594
8.364699999999999,1.740454889480113,8.364699999999999,1.894069487192915
8.385904999999999,1.723083187314872,8.385904999999999,1.892875238996796
8.407109999999999,1.705801392009956,8.407109999999999,1.891262379730296
8.428315,1.688624562305332,8.428315,1.889238183083561
8.44952,1.671567974551439,8.44952,1.886811992103612
8.470724000000001,1.654644461837054,8.470724000000001,1.883992647302009
8.491929000000001,1.63786720495821,8.491929000000001,1.880788925179436
8.513134000000001,1.621248968547462,8.513134000000001,1.877210754821155
8.534338999999999,1.604801494138188,8.534338999999999,1.8732687569028
8.555543999999999,1.588535494694184,8.555543999999999,1.868972717270987
8.576749,1.57246056709716,8.576749,1.864332919592292
8.597953,1.556587668391796,8.597953,1.859360419442505
8.619158000000001,1.540925041097894,8.619158000000001,1.854065528044396
8.640363000000001,1.525481753238813,8.640363000000001,1.848460326721826
8.661568000000001,1.510263669523492,8.661568000000001,1.842553758098407
8.682772999999999,1.49528051137914,8.682772999999999,1.83635911730529
8.703977,1.480536523381074,8.703977,1.829885624039196
8.725182,1.466039520511117,8.725182,1.823145599150124
8.746387,1.451793001958154,8.746387,1.816149751682022
8.767592,1.437802027192166,8.767592,1.808907590065867
8.788797000000001,1.424071279021515,8.788797000000001,1.801430544798764
8.810002000000001,1.41060469437364,8.810002000000001,1.793728966089624
8.831206,1.3974047535225,8.831206,1.785811872837472
8.852411,1.384477070748753,8.852411,1.777691412880495
8.873616,1.371821946323527,8.873616,1.769376854266741
8.894821,1.359441707102689,8.894821,1.760877268582417
8.916026,1.347339432152522,8.916026,1.75220248414191
8.937231000000001,1.335516162908728,8.937231000000001,1.743361529170141
8.958435,1.323974875183192,8.958435,1.734364860724625
8.97964,1.312715025312743,8.97964,1.725221359038264
9.000845,1.301737561025778,9.000845,1.715938424823379
9.02205,1.291044928025936,9.02205,1.706526591114681
9.043255,1.280636816039046,9.043255,1.696994005468088
9.064458999999999,1.270512876596947,9.064458999999999,1.687348502710288
9.085664,1.260674613648503,9.085664,1.677599022859098
9.106869,1.251121073339154,9.106869,1.667752661563854
9.128074,1.241854636998753,9.128074,1.657819634168719
9.149279,1.232872471909541,9.149279,1.647806278660311
9.170484,1.224177158028364,9.170484,1.63772211142135
9.191687999999999,1.215766515483434,9.191687999999999,1.62757525791305
9.212892999999999,1.207640075232868,9.212892999999999,1.617373040244102
9.234097999999999,1.199797033775325,9.234097999999999,1.607123493156661
9.255303,1.192237838721941,9.255303,1.596835327790679
9.276508,1.184959972556031,9.276508,1.586516037284209
9.297713,1.177962781235559,9.297713,1.576173313432318
9.318917000000001,1.171245480820716,9.318917000000001,1.565816073599626
9.340121999999999,1.164806470705508,9.340121999999999,1.555452382491159
9.361326999999999,1.158642679863195,9.361326999999999,1.545090243189881
9.382531999999999,1.15275263991645,9.382531999999999,1.53473732242177
9.403737,1.147133383830633,9.403737,1.52440119400987
9.424941,1.141784027983859,9.424941,1.514091069440358
9.446146000000001,1.136698888859461,9.446146000000001,1.503812941803047
9.467351000000001,1.131877830344274,9.467351000000001,1.493576386672226
9.488556000000001,1.127316179257809,9.488556000000001,1.483389958175673
9.509760999999999,1.123008703108961,9.509760999999999,1.473260176363453
9.530965999999999,1.118952346913944,9.530965999999999,1.463194571704059
9.55217,1.115142357595202,9.55217,1.453201458058374
9.573375,1.111572864753543,9.573375,1.443287301148457
9.594580000000001,1.108239754047449,9.594580000000001,1.433459225946504
9.615785000000001,1.105137765483162,9.615785000000001,1.423725212496118
9.636990000000001,1.102258575416922,9.636990000000001,1.41409015521647
9.658194999999999,1.099598112211859,9.658194999999999,1.404560432441368
9.679399,1.097150846973386,9.679399,1.395144071776969
9.700604,1.094908385498399,9.700604,1.385846085478005
9.721809,1.092862871133529,9.721809,1.376671803699858
9.743014000000001,1.091008251940686,9.743014000000001,1.367627144291407
9.764219000000001,1.089334139286741,9.764219000000001,1.358714417019112
9.785423,1.087836003995669,9.785423,1.349939691834144
9.806628,1.086503456384017,9.806628,1.341306363488378
9.827833,1.085328003720163,9.827833,1.332816895023167
9.849038,1.084301962827687,9.849038,1.324473762137995
9.870243,1.083417740778855,9.870243,1.316280365664686
9.891448,1.082665181702095,9.891448,1.308237323909554
9.912652,1.082037206143441,9.912652,1.300346690494002
9.933857,1.081524511401687,9.933857,1.292608706748743
9.955062,1.081119437535715,9.955062,1.285024995172289
9.976267,1.080811285104107,9.976267,1.277593062758401
9.997472,1.080594354949506,9.997472,1.270313410127099
10.018677,1.080458827356109,10.018677,1.263184181982872
10.039881,1.08039708064638,10.039881,1.256202950111653
10.061086,1.080403179521804,10.061086,1.249367852284036
10.082291,1.080470160186877,10.082291,1.242678464871044
10.103496,1.080588679836664,10.103496,1.236128996096743
10.124701,1.080753990619225,10.124701,1.229718336953378
10.145905,1.080958469750402,10.145905,1.22344154471112
10.16711,1.081197195955563,10.16711,1.217295517342511
10.188315,1.081462862932311,10.188315,1.211273678365773
10.20952,1.081752988641888,10.20952,1.205373605333905
10.230725,1.082062319329075,10.230725,1.199589872794789
10.25193,1.082386532987472,10.25193,1.193917755455811
10.273134,1.082722702676252,10.273134,1.188353672477418
10.294339,1.08306581168805,10.294339,1.182891183688294
10.315544,1.083413556448532,10.315544,1.177524494138638
10.336749,1.083764599171147,10.336749,1.172248568528278
10.357954,1.084118831097394,10.357954,1.167060255488114
10.379158,1.084473238235431,10.379158,1.16195490637496
10.400363,1.084825666966958,10.400363,1.156925981949712
10.421568,1.085177924040777,10.421568,1.15197054078021
10.442773,1.085528453986216,10.442773,1.147083704188018
10.463978,1.085877119447229,10.463978,1.142261843247428
10.485183,1.086224239460886,10.485183,1.137499933359286
10.506387,1.086570425649982,10.506387,1.132793577796583
10.527592,1.086918883653553,10.527592,1.128141684205794
10.548797,1.087268936502856,10.548797,1.123538490788834
10.570002,1.087624124191999,10.570002,1.118984466167611
10.591207,1.087983412843823,10.591207,1.114475170931723
10.612412,1.088350381754953,10.612412,1.110009258279476
10.633616,1.088726132174265,10.633616,1.105583823542627
10.654821,1.089114105566145,10.654821,1.101200043108946
10.676026,1.089513857046497,10.676026,1.096854796541609
10.697231,1.089928864510205,10.697231,1.092547907275697
10.718436,1.090361254592569,10.718436,1.088280141101858
10.73964,1.090811099513934,10.73964,1.084050208626334
10.760845,1.091280776121626,10.760845,1.079858663128013
10.78205,1.091771985296428,10.78205,1.075705381541853
10.803255,1.0922859642397,10.803255,1.071591632887758
10.82446,1.092824180472082,10.82446,1.06751847263852
10.845665,1.093387846440677,10.845665,1.06348859079173
10.866869,1.093975195893705,10.866869,1.059501169999671
10.888074,1.094587678413391,10.888074,1.05555728680845
10.909279,1.095226704137571,10.909279,1.051659894384133
10.930484,1.095890215060876,10.930484,1.047809793553283
10.951689,1.096578900402902,10.951689,1.044009235978704
10.972894,1.09729065319138,10.972894,1.04025947608333
10.994098,1.09802453431081,10.994098,1.036561082594013
11.015303,1.098779536859157,11.015303,1.032916487728037
11.036508,1.099553298282865,11.036508,1.029325728700456
11.057713,1.100344804557099,11.057713,1.025790275307678
11.078918,1.10115137099896,11.078918,1.022311763530523
11.100122,1.101970380804715,11.100122,1.01888945434276
11.121327,1.102799813753839,11.121327,1.015525198710255
11.142532,1.103635843533014,11.142532,1.012218393001643
11.163737,1.104475848272631,11.163737,1.008967739532612
11.184942,1.105317120253444,11.184942,1.005773799780729
11.206147,1.106156808694772,11.206147,1.002634971174356
11.227351,1.106991322197853,11.227351,0.999550292592299
11.248556,1.107818340242008,11.248556,0.9965171724443874
11.269761,1.108635178134242,11.269761,0.993535584766214
11.290966,1.10943791062063,11.290966,0.9906020782949472
11.312171,1.110224473265401,11.312171,0.9877142203276398
11.333376,1.110991504869679,11.333376,0.9848675666771625
11.35458,1.111739045150091,11.35458,0.9820609474524671
11.375785,1.11246326574751,11.375785,0.9792903132562957
11.39699,1.113162707958115,11.39699,0.9765522077127492
11.418195,1.11383552172281,11.418195,0.9738421686554364
11.4394,1.114481314616262,11.4394,0.9711558065669947
11.460604,1.115099212489962,11.460604,0.968489160339822
11.481809,1.115688877560665,11.481809,0.965837808077824
11.503014,1.116250000044264,11.503014,0.9631973123918167
11.524219,1.11678281219416,11.524219,0.9605627775488161
11.545424,1.117288793765878,11.545424,0.9579291459574709
11.566629,1.117769531601389,11.566629,0.9552935285954728
11.587833,1.118225464570505,11.587833,0.9526495628582009
11.609038,1.118659718298766,11.609038,0.949993981741081
11.630243,1.119074688031207,11.630243,0.9473210424096703
11.651448,1.119473930479165,11.651448,0.9446289647382562
11.672653,1.119860134821791,11.672653,0.9419122685065104
11.693858,1.120237708746371,11.693858,0.9391685280594317
11.715062,1.120609733061027,11.715062,0.936394240601205
11.736267,1.120981167478803,11.736267,0.9335870488830389
11.757472,1.121356177533686,11.757472,0.9307430778109279
11.778677,1.121740023114948,11.778677,0.9278602693605992
11.799882,1.122138566098089,11.799882,0.9249383555268289
11.821086,1.122556748920313,11.821086,0.921974324233892
11.842291,1.123000457841258,11.842291,0.918968458823085
11.863496,1.123475606845454,11.863496,0.9159210878546041
11.884701,1.123987048975856,11.884701,0.9128312474195064
11.905906,1.12454119187223,11.905906,0.9096998912924059
11.927111,1.12514403337079,11.927111,0.9065274931461761
11.948315,1.125801763558705,11.948315,0.9033175581332897
11.96952,1.126518462881178,11.96952,0.9000704679146911
11.990725,1.127300771209325,11.990725,0.8967881738566467
12.01193,1.128155544291869,12.01193,0.8934751994971559
12.033135,1.129086751625285,12.033135,0.8901353226873638
12.05434,1.130099651389461,12.05434,0.8867717981930757
12.075544,1.131198542262116,12.075544,0.8833895754512474
12.096749,1.132388724320772,12.096749,0.8799933084795735
12.117954,1.133673440412869,12.117954,0.8765879701989703
12.139159,1.135056308621573,12.139159,0.8731791475645941
12.160364,1.136541442087118,12.160364,0.8697720676024649
12.181568,1.138131860649822,12.181568,0.8663741294765362
12.202773,1.13982971822667,12.202773,0.8629911856749695
12.223978,1.141636461462157,12.223978,0.8596300425996258
12.245183,1.143554003263711,12.245183,0.8562971203854769
12.266388,1.145583040669052,12.266388,0.8529997087153965
12.287593,1.147723820741201,12.287593,0.8497440607010917
12.308797,1.149976759422562,12.308797,0.846537977418625
12.330002,1.152341329387571,12.330002,0.8433881309425182
12.351207,1.154815714493547,12.351207,0.8403007404740528
12.372412,1.157399357480976,12.372412,0.8372844634276794
12.393617,1.160088839267815,12.393617,0.8343447219187925
12.414822,1.162881754060681,12.414822,0.8314878074435285
12.436026,1.165775602939958,12.436026,0.8287199505321587
12.457231,1.16876734511075,12.457231,0.8260484894951572
12.478436,1.171851952128289,12.478436,0.8234785957794414
12.499641,1.175025305058291,12.499641,0.8210155099188626
12.520846,1.178282565449979,12.520846,0.8186652576257186
12.54205,1.181618595873351,12.54205,0.8164309561216487
12.563255,1.185029347093286,12.563255,0.8143190735039543
12.58446,1.188507790358304,12.58446,0.812332916815747
12.605665,1.192047469773322,12.605665,0.8104752742637983
12.62687,1.195643389672885,12.62687,0.8087503417424107
12.648075,1.199289103039478,12.648075,0.8071606733911386
12.669279,1.202977898178575,12.669279,0.8057076538708948
12.690484,1.206703298257251,12.690484,0.8043940887555848
12.711689,1.210459342402685,12.711689,0.8032215258631585
12.732894,1.214238122919038,12.732894,0.8021902636843389
12.754099,1.218033710873387,12.754099,0.801300892813676
12.775304,1.221840155405286,12.775304,0.8005531621078101
12.796508,1.225650625200526,12.796508,0.7999477827048712
12.817713,1.229458669735434,12.817713,0.7994839714388416
12.838918,1.233257475367288,12.838918,0.7991595588800128
12.860123,1.237041070503816,12.860123,0.7989734727218589
12.881328,1.240804614429774,12.881328,0.798924333832823
12.902532,1.244541585759865,12.902532,0.7990098614445743
12.923737,1.248246216602222,12.923737,0.7992281384321754
12.944942,1.251913143727351,12.944942,0.7995758372020125
12.966147,1.255537180785018,12.966147,0.8000503811220836
12.987352,1.259113363346757,12.987352,0.8006475265423498
13.008557,1.262637511646142,13.008557,0.801365388456453
13.029761,1.266104123192537,13.029761,0.8021986354794826
13.050966,1.269510594356738,13.050966,0.8031445381648292
13.072171,1.272852017802265,13.072171,0.8041991415211145
13.093376,1.276124688835454,13.093376,0.805357821999256
13.114581,1.279325354445416,13.114581,0.8066153745911927
13.135786,1.282451495685763,13.135786,0.8079689590489539
13.15699,1.285500074093366,13.15699,0.809413022192038
13.178195,1.288468699831196,13.178195,0.8109436419657617
13.1994,1.291354777615759,13.1994,0.8125559437177515
13.220605,1.294156827446396,13.220605,0.8142455981005492
13.24181,1.296872699978847,13.24181,0.8160072303297471
13.263014,1.299501242821601,13.263014,0.817836462928186
13.284219,1.302041319363016,13.284219,0.8197289779729531
13.305424,1.304491662911703,13.305424,0.8216790727565972
13.326629,1.306851949906025,13.326629,0.8236832030417875
13.347834,1.309121542117341,13.347834,0.8257361636961799
13.369039,1.311300416368267,13.369039,0.8278331848673314
13.390243,1.313388440569056,13.390243,0.8299699969399001
13.411448,1.315386187786849,13.411448,0.8321423093560502
13.432653,1.317293771796407,13.432653,0.8343457803654344
13.453858,1.319111587466328,13.453858,0.8365747905524856
13.475063,1.320841720205477,13.475063,0.8388264718255876
13.496267,1.322484661083229,13.496267,0.8410967119186847
13.517472,1.324041245174006,13.517472,0.8433808267455046
13.538677,1.325513597637474,13.538677,0.8456744630895737
13.559882,1.326903860453142,13.559882,0.8479751499221256
13.581087,1.328213386910137,13.581087,0.8502786608914138
13.602292,1.329444524700042,13.602292,0.8525823973405275
13.623496,1.33059892553927,13.623496,0.8548815711233105
13.644701,1.331679213090603,13.644701,0.8571741518370741
13.665906,1.332688356492098,13.665906,0.8594563720920386
13.687111,1.33362857065865,13.687111,0.8617256898091378
13.708316,1.334503268111195,13.708316,0.8639791505583109
13.729521,1.335315718560988,13.729521,0.8662153705840403
13.750725,1.336068650077088,13.750725,0.8684321722039164
13.77193,1.336764591666619,13.77193,0.8706271150921168
13.793135,1.337407516082008,13.793135,0.8727982951820228
13.81434,1.338000399093044,13.81434,0.8749451799816629
13.835545,1.338546385527388,13.835545,0.8770652348647939
13.856749,1.339049188700543,13.856749,0.8791573976027177
13.877954,1.339513006353112,13.877954,0.8812224998200803
13.899159,1.339940476462123,13.899159,0.8832590109710409
13.920364,1.340334816643753,13.920364,0.8852668641192012
13.941569,1.340700008268095,13.941569,0.8872454633133214
13.962774,1.341039063297968,13.962774,0.8891955742642287
13.983978,1.341355071576281,13.983978,0.8911175164047719
14.005183,1.34165137190465,14.005183,0.8930103043826709
14.026388,1.341932406555823,14.026388,0.8948774127022661
14.047593,1.342200206529618,14.047593,0.8967186818663638
14.068798,1.34245774391294,14.068798,0.8985359170293755
14.090003,1.342707386659929,14.090003,0.900330564954415
14.111207,1.342951500769667,14.111207,0.9021040590860354
14.132412,1.343192534176888,14.132412,0.9038573913336825
14.153617,1.343433026165462,14.153617,0.9055933390833275
14.174822,1.343675166337504,14.174822,0.9073130400430265
14.196027,1.343920729055375,14.196027,0.9090197610529326
14.217231,1.344171140470343,14.217231,0.9107151337676029
14.238436,1.344427491573043,14.238436,0.9124013810255794
14.259641,1.344691477363463,14.259641,0.9140810518186734
14.280846,1.344963596093385,14.280846,0.915756012711055
14.302051,1.34524494997378,14.302051,0.9174284579355269
14.323256,1.345535457995145,14.323256,0.9191010111637372
14.34446,1.34583640562282,14.34446,0.9207761023722064
14.365665,1.346146778680739,14.365665,0.9224555001475842
14.38687,1.346467179688248,14.38687,0.9241406094191639
14.408075,1.34679712605747,14.408075,0.9258339477231647
14.42928,1.347136725893083,14.42928,0.9275372543730718
14.450485,1.347485068725335,14.450485,0.9292518552242552
14.471689,1.347841424135427,14.471689,0.9309793255574557
14.492894,1.348205068575144,14.492894,0.9327212375258264
14.514099,1.348575342630024,14.514099,0.9344776373727119
14.535304,1.348951783336111,14.535304,0.9362499205691149
14.556509,1.349333260215086,14.556509,0.9380395765225863
14.577713,1.349719203707,14.577713,0.9398462261750368
14.598918,1.350108645316816,14.598918,0.9416705125250594
14.620123,1.350500771991134,14.620123,0.9435122337037548
14.641328,1.350895543154096,14.641328,0.9453717620669664
14.662533,1.351292497875068,14.662533,0.9472493942006195
14.683738,1.351690556030122,14.683738,0.9491440139731282
14.704942,1.352090524944252,14.704942,0.9510561432660134
14.726147,1.352491919780574,14.726147,0.9529849910002487
14.747352,1.352894675982474,14.747352,0.9549298426071536
14.768557,1.353300090689873,14.768557,0.9568908691492561
14.789762,1.353708094339686,14.789762,0.9588673551022491
14.810967,1.354119875072398,14.810967,0.9608588013158259
14.832171,1.354536893038568,14.832171,0.9628656160662172
14.853376,1.354959977676113,14.853376,0.9648868022229615
14.874581,1.355390928509641,14.874581,0.9669232488084181
14.895786,1.355831087748834,14.895786,0.9689746841410183
14.916991,1.356282802564691,14.916991,0.9710412146416511
14.938195,1.356748067443946,14.938195,0.973125027174249
14.9594,1.357228869170289,14.9594,0.9752257191590364
14.980605,1.357727262428098,14.980605,0.9773450358703926
15.00181,1.358246724315532,15.00181,0.9794851525744901
15.023015,1.358788118324542,15.023015,0.9816471619171271
15.04422,1.359355019720184,15.04422,0.9838338628236292
15.065424,1.359949617655366,15.065424,0.9860486613555015
15.086629,1.360573709584259,15.086629,0.9882933872144815
15.107834,1.361230706481074,15.107834,0.990573084768087
15.129039,1.361921487742203,15.129039,0.9928913025975877
15.150244,1.362647812687472,15.150244,0.9952527625794121
15.171449,1.363410986344019,15.171449,0.9976610234361025
15.192653,1.364213175315592,15.192653,1.000122286375346
15.213858,1.365054617986464,15.213858,1.002641566107336
15.235063,1.365935092434939,15.235063,1.005224192280133
15.256268,1.366855855689875,15.256268,1.007876942009142
15.277473,1.367815714801493,15.277473,1.010606169414139
15.298677,1.368813096586414,15.298677,1.013418123671807
15.319882,1.369846872190935,15.319882,1.016319070593132
15.341087,1.370914423052208,15.341087,1.019315630868363
15.362292,1.372012828725643,15.362292,1.022413909425993
15.383497,1.37313985845226,15.383497,1.02562130968028
15.404702,1.374290308598807,15.404702,1.028944533154534
15.425906,1.37545940114212,15.425906,1.032389250326755
15.447111,1.37664237527477,15.447111,1.035961499961346
15.468316,1.377833103392022,15.468316,1.039667283703248
15.489521,1.379025206280362,15.489521,1.043512108006704
15.510726,1.380211654443351,15.510726,1.047500936067005
15.531931,1.381384373625566,15.531931,1.051638144846837
15.553135,1.382536164008008,15.553135,1.055928617279586
15.57434,1.383657751144501,15.57434,1.060375297855556
15.595545,1.384739944403414,15.595545,1.064981555533413
15.61675,1.385773380199071,15.61675,1.069748503746726
15.637955,1.386749302938289,15.637955,1.074678384075827
15.659159,1.387657203667075,15.659159,1.079772436622239
15.680364,1.388486999997453,15.680364,1.08503140468925
15.701569,1.389228124703281,15.701569,1.09045301708354
15.722774,1.389870652269301,15.722774,1.096037604299912
15.743979,1.39040415877693,15.743979,1.101782521527811
15.765184,1.390817819014036,15.765184,1.107684614719804
15.786388,1.391101936072519,15.786388,1.113740812103386
15.807593,1.391245910179882,15.807593,1.119946508808455
15.828798,1.39124032239408,15.828798,1.126296423973362
15.850003,1.391076000794356,15.850003,1.132785699056101
15.871208,1.390743212918673,15.871208,1.139408041168463
15.892413,1.390232814106974,15.892413,1.146155869600551
15.913617,1.389536491856373,15.913617,1.15302153587889
15.934822,1.388646921227537,15.934822,1.159997530960613
15.956027,1.387555902762327,15.956027,1.167075140378962
15.977232,1.386257021516864,15.977232,1.174245089282815
15.998437,1.384743786216039,15.998437,1.181498351020403
16.019641,1.383010273443319,16.019641,1.188825225358952
16.040846,1.381051481789286,16.040846,1.196215363282207
16.062051,1.37886229384583,16.062051,1.203658267694691
16.083256,1.37643938415829,16.083256,1.211143417709914
16.104461,1.373779809517983,16.104461,1.218660725977196
16.125666,1.370880116810082,16.125666,1.226199125209777
16.14687,1.367738392863665,16.14687,1.233747263953717
16.168075,1.364353796863041,16.168075,1.241294599607441
16.18928,1.360725061529528,16.18928,1.248830530165938
16.210485,1.35685242435491,16.210485,1.25634370356117
16.23169,1.352736013286773,16.23169,1.263823453510415
16.252894,1.348377194637784,16.252894,1.271259634779325
16.274099,1.343778023312429,16.274099,1.278641613563965
16.295304,1.3389406170145,16.295304,1.28595994334628
16.316509,1.333866828074354,16.316509,1.293204436675477
16.337714,1.328560493050269,16.337714,1.300365327011596
16.358919,1.323024770269372,16.358919,1.307433571064444
16.380123,1.317263869221142,16.380123,1.31439990153509
16.401328,1.311282476433888,16.401328,1.321255740953503
16.422533,1.305085386508775,16.422533,1.327992419435728
16.443738,1.298677907726621,16.443738,1.33460305260298
16.464943,1.292065079298852,16.464943,1.341078733387249
16.486148,1.28525383424692,16.486148,1.347413603332847
16.507352,1.278249165435838,16.507352,1.353600727296427
16.528557,1.271057362712225,16.528557,1.359632972277797
16.549762,1.263684920203648,16.549762,1.365504147760123
16.570967,1.256139179149005,16.570967,1.371209917333279
16.592172,1.248425900669985,16.592172,1.376743705075009
16.613376,1.240552880435154,16.613376,1.382101099469918
16.634581,1.232526818619911,16.634581,1.387277318569478
16.655786,1.224354555113464,16.655786,1.392268679755128
16.676991,1.216043382251485,16.676991,1.397071045980709
16.698196,1.207600720240397,16.698196,1.401680598255225
16.719401,1.199033608969071,16.719401,1.406094447552295
16.740605,1.190348991622132,16.740605,1.410309087347815
16.76181,1.181554885778531,16.76181,1.414322787805923
16.783015,1.172657687153917,16.783015,1.418132945545365
16.80422,1.163664691625551,16.80422,1.421736443415582
16.825425,1.154583824836832,16.825425,1.425132558246723
16.84663,1.145421717527723,16.84663,1.428318910812343
16.867834,1.136185552970018,16.867834,1.431294382989672
16.889039,1.126882758182475,16.889039,1.434057791962703
16.910244,1.117520290739592,16.910244,1.436608367027946
16.931449,1.10810559296762,16.931449,1.438945448988988
16.952654,1.098644904966402,16.952654,1.44106753041231
16.973858,1.089146604028253,16.973858,1.442975164396906
16.995063,1.079616679982427,16.995063,1.44466784268782
17.016268,1.070062982875773,17.016268,1.446146184630377
17.037473,1.06049190860329,17.037473,1.447409440418656
17.058678,1.050910700897534,17.058678,1.448458940136359
17.079883,1.041326550794128,17.079883,1.449294650990196
17.101087,1.031746183438235,17.101087,1.44991764836468
17.122292,1.022177318239269,17.122292,1.45032909021464
17.143497,1.012626421867969,17.143497,1.450529996334142
17.164702,1.003100880270975,17.164702,1.450522104623161
17.185907,0.9936074655399738,17.185907,1.450307138359586
17.207112,0.984153199346678,17.207112,1.449887071390149
17.228316,0.9747450515311993,17.228316,1.449263576953675
17.249521,0.9653907340003058,17.249521,1.448439943281615
17.270726,0.9560966638964918,17.270726,1.447419023888384
17.291931,0.9468692198785104,17.291931,1.446203415689971
17.313136,0.9377155544254455,17.313136,1.44479633893896
17.33434,0.928642572057878,17.33434,1.44320165834102
17.355545,0.9196569178348267,17.355545,1.441422854863018
17.37675,0.910765173340206,17.37675,1.439464900916106
17.397955,0.9019737322464392,17.397955,1.437331768821162
17.41916,0.8932893459330087,17.41916,1.435028869241808
17.440365,0.884716688228474,17.440365,1.432560860288302
17.461569,0.8762627348469537,17.461569,1.429932998598698
17.482774,0.8679331705845783,17.482774,1.427151354482417
17.503979,0.8597333543186073,17.503979,1.424222398548739
17.525184,0.8516677440916978,17.525184,1.42115162678943
17.546389,0.8437425178300696,17.546389,1.417946203631938
17.567594,0.8359611284274484,17.567594,1.414613024201917
17.588798,0.8283282175299306,17.588798,1.411158614740495
17.610003,0.8208477066384278,17.610003,1.407591189761277
17.631208,0.8135233890332203,17.631208,1.403917841080487
17.652413,0.8063576673811372,17.652413,1.400146666511887
17.673618,0.7993534190735183,17.673618,1.39628538937587
17.694822,0.7925126779353346,17.694822,1.392342394918806
17.716027,0.7858371144094963,17.716027,1.38832523941022
17.737232,0.7793287622214614,17.737232,1.384242507520136
17.758437,0.7729872709329133,17.758437,1.380102286435434
17.779642,0.7668139083690151,17.779642,1.375913358488885
17.800847,0.7608079387157982,17.800847,1.37168389930515
17.822051,0.7549687102515833,17.822051,1.367421571227739
17.843256,0.7492954330958079,17.843256,1.363135226622155
17.864461,0.7437859722561005,17.864461,1.358832429891542
17.885666,0.7384383269592149,17.885666,1.354521377728061
17.906871,0.7332502401046408,17.906871,1.35020958173667
17.928076,0.7282176969894721,17.928076,1.345904533839102
17.94928,0.7233378397182086,17.94928,1.341613070288228
17.970485,0.7186067295072636,17.970485,1.337342750267531
17.99169,0.7140198362537021,17.99169,1.333099518627084
18.012895,0.7095725391211948,18.012895,1.32889020926294
18.0341,0.7052601858378805,18.0341,1.324720321323743
18.055304,0.7010771416757352,18.055304,1.320595758958895
18.076509,0.6970169650865911,18.076509,1.316521040325039
18.097714,0.693074594921063,18.097714,1.312501578713335
18.118919,0.6892435800882046,18.118919,1.308540298459625
18.140124,0.685518069309349,18.140124,1.304642488710841
18.161329,0.6818911146488755,18.161329,1.300810321390896
18.182533,0.6783563867213126,18.182533,1.297047565591021
18.203738,0.6749071794650209,18.203738,1.293356370415142
18.224943,0.6715365335495731,18.224943,1.289738468020465
18.246148,0.6682376997447182,18.246148,1.286195017623732
18.267353,0.6650044400560254,18.267353,1.282727525741234
18.288558,0.6618302867978719,18.288558,1.279336284376767
18.309762,0.658707898921715,18.309762,1.276021589198968
18.330967,0.6556317155303066,18.330967,1.272783149797801
18.352172,0.6525957860549644,18.352172,1.269620518098497
18.373377,0.6495931422342459,18.373377,1.266532767218346
18.394582,0.6466183084977907,18.394582,1.263518198082063
18.415786,0.6436660514032657,18.415786,1.260575259843327
18.436991,0.6407301239477113,18.436991,1.257701908933134
18.458196,0.6378062679362401,18.458196,1.254895946052403
18.479401,0.6348892182292203,18.479401,1.252154670727107
18.500606,0.6319749227688997,18.500606,1.249475211042123
18.521811,0.6290584743715736,18.521811,1.246855470445028
18.543015,0.626135718253,18.543015,1.244290937711997
18.56422,0.6232032439954165,18.56422,1.241778677271602
18.585425,0.6202584049445649,18.585425,1.23931492724988
18.60663,0.6172978686119257,18.60663,1.236896381510119
18.627835,0.6143192305779847,18.627835,1.234519387072527
18.64904,0.6113207007881132,18.64904,1.232180587094306
18.670244,0.6082993142631675,18.670244,1.22987562612365
18.691449,0.6052540292516138,18.691449,1.227601906126458
18.712654,0.6021826195334394,18.712654,1.225354196658319
18.733859,0.5990849656805616,18.733859,1.223129509129953
18.755064,0.5959596106663516,18.755064,1.220924181735127
18.776268,0.5928062217040416,18.776268,1.218734678464112
18.797473,0.5896250998649147,18.797473,1.216556927722953
18.818678,0.5864158820292402,18.818678,1.214388153226196
18.839883,0.583178681885691,18.839883,1.212225381274428
18.861088,0.5799142408962064,18.861088,1.210064265563703
18.882293,0.57662348811287,18.882293,1.207902581768684
18.903497,0.5733071702721202,18.903497,1.205737579859492
18.924702,0.569966202329781,18.924702,1.203566978526012
18.945907,0.5666029961877243,18.945907,1.201387928726149
18.967112,0.5632167758063725,18.967112,1.199198122309123
18.988317,0.5598106491753139,18.988317,1.196995807398709
19.009521,0.5563862081108746,19.009521,1.194778896941186
19.030726,0.5529449111760477,19.030726,1.192546466514193
19.051931,0.5494878522019839,19.051931,1.190296559567215
19.073136,0.5460171648148201,19.073136,1.188027669826092
19.094341,0.5425352131432823,19.094341,1.185739624664887
19.115546,0.539043113631244,19.115546,1.183430385934579
19.13675,0.5355425888019777,19.13675,1.181100277038628
19.157955,0.532036211489662,19.157955,1.178748713821683
19.17916,0.5285252001240457,19.17916,1.176375317305733
19.200365,0.5250113352182029,19.200365,1.173980367002617
19.22157,0.5214957070320644,19.22157,1.171563814929802
19.242775,0.51798029150411,19.242775,1.169125563139684
19.263979,0.514466253447867,19.263979,1.1666664158776
19.285184,0.5109542150798756,19.285184,1.164186501342415
19.306389,0.5074457337496354,19.306389,1.161686779084924
19.327594,0.5039418245420905,19.327594,1.159167529963987
19.348799,0.500442837940527,19.348799,1.156629601059029
19.370003,0.4969496581074774,19.370003,1.154073638332121
19.391208,0.4934628181490958,19.391208,1.151500131522202
19.412413,0.489982390623029,19.412413,1.148910676737168
19.433618,0.4865087187420556,19.433618,1.146305253155562
19.454823,0.4830420513078785,19.454823,1.143685106719382
19.476028,0.4795820612722765,19.476028,1.141050811092199
19.497232,0.4761287960478967,19.497232,1.138403105418296
19.518437,0.4726806522438536,19.518437,1.135742487981177
19.539642,0.4692388034393792,19.539642,1.133070189641057
19.560847,0.4658011996108988,19.560847,1.130385667619221
19.582052,0.4623673483899644,19.582052,1.12768992407362
19.603257,0.4589369994474973,19.603257,1.124982297399329
19.624461,0.4555085088515948,19.624461,1.122263338809659
19.645666,0.4520818333243725,19.645666,1.119532931191363
19.666871,0.4486556170592096,19.666871,1.116790876896288
19.688076,0.4452290274100379,19.688076,1.114036752916387
19.709281,0.4418006751475209,19.709281,1.111270370594306
19.730485,0.4383703947478255,19.730485,1.108490686921349
19.75169,0.4349369196431695,19.75169,1.105697121307951
19.772895,0.4314989624967083,19.772895,1.102889094440477
19.7941,0.428055916679928,19.7941,1.10006539251296
19.815305,0.4246065190569561,19.815305,1.097224086513628
19.83651,0.421151709566134,19.83651,1.094364547338078
19.857714,0.4176898853746093,19.857714,1.091485611606609
19.878919,0.4142210745862017,19.878919,1.088585365798818
19.900124,0.4107445829784327,19.900124,1.085662522354957
19.921329,0.407260405424567,19.921329,1.082715123117149
19.942534,0.4037695880059234,19.942534,1.079742043359651
19.963739,0.4002715503690283,19.963739,1.076741526103097
19.984943,0.3967666607726615,19.984943,1.073711685277146
20.006148,0.393255537921348,20.006148,1.070651165462313
20.027353,0.3897385361002659,20.027353,1.067558020213224
20.048558,0.3862169799799262,20.048558,1.064430155353001
20.069763,0.3826920126713,20.069763,1.061267250301455
20.090967,0.3791647048889417,20.090967,1.058066573252136
20.112172,0.3756359436246618,20.112172,1.054827171693444
20.133377,0.3721086120037122,20.133377,1.05154782065645
20.154582,0.3685826341652598,20.154582,1.048227627096425
20.175787,0.3650606559830645,20.175787,1.044864719734945
20.196992,0.361543620463246,20.196992,1.041458011394445
20.218196,0.358034483453022,20.218196,1.03800755842213
20.239401,0.3545356834885021,20.239401,1.034512228476135
20.260606,0.3510476593134492,20.260606,1.030971124284987
20.281811,0.3475743475354679,20.281811,1.027384507896
20.303016,0.3441162468909087,20.303016,1.023751430462632
20.324221,0.340676801943001,20.324221,1.020072391245891
20.345425,0.337258343521841,20.345425,1.016346983207554
20.36663,0.3338622133382368,20.36663,1.012576405756675
20.387835,0.3304909734533187,20.387835,1.008759774938574
20.40904,0.327146949321022,20.40904,1.004898565254251
20.430245,0.323832220887561,20.430245,1.000993659962425
20.451449,0.320549520768411,20.451449,0.9970456334916963
20.472654,0.317299067684629,20.472654,0.9930552342913938
20.493859,0.3140847719691472,20.493859,0.9890243899838422
20.515064,0.3109070915787448,20.515064,0.9849534098595496
20.536269,0.3077679231401782,20.536269,0.9808445822422729
20.557474,0.3046695144503292,20.557474,0.9766992950931209
20.578678,0.3016122978480432,20.578678,0.9725183690877909
20.599883,0.2985983227973689,20.599883,0.9683041662501518
20.621088,0.2956287536731638,20.621088,0.9640587948866751
20.642293,0.2927041358670091,20.642293,0.9597831584027992
20.663498,0.2898261850413307,20.663498,0.9554795746302542
20.684703,0.2869945990551472,20.684703,0.9511503035203346
20.705907,0.284210978584428,20.705907,0.9467966414959014
20.727112,0.2814755589508807,20.727112,0.9424210790759673
20.748317,0.2787877651412713,20.748317,0.9380253823817694
20.769522,0.2761486473461536,20.769522,0.9336113085385749
20.790727,0.2735575132556856,20.790727,0.9291812057175041
20.811931,0.2710147530401947,20.811931,0.9247356359335558
20.833136,0.2685198939424528,20.833136,0.9202781826398289
20.854341,0.2660729930275172,20.854341,0.9158088433830616
20.875546,0.2636728714516698,20.875546,0.9113300078125205
20.896751,0.2613195023294506,20.896751,0.9068439128635708
20.917956,0.2590121384320124,20.917956,0.9023515323060763
20.93916,0.2567500208157423,20.93916,0.8978538707322501
20.960365,0.2545320832542292,20.960365,0.8933529993265473
20.98157,0.2523573919869407,20.98157,0.8888505235923813
21.002775,0.2502249190766176,21.002775,0.884346374520131
21.02398,0.2481336941008173,21.02398,0.8798422188938867
21.045185,0.2460824984138975,21.045185,0.8753385608012627
21.066389,0.2440708534449756,21.066389,0.8708372876154068
21.087594,0.2420971172693858,21.087594,0.8663382793055763
21.108799,0.2401603866537863,21.108799,0.8618427996553062
21.130004,0.238258808125836,21.130004,0.8573513046876082
21.151209,0.2363917267335354,21.151209,0.8528640269515784
21.172413,0.2345584717862962,21.172413,0.8483812095318488
21.193618,0.2327571034100596,21.193618,0.8439033529900455
21.214823,0.2309868980687259,21.214823,0.8394307279814172
21.236028,0.2292465580864091,21.236028,0.834963462909884
21.257233,0.2275353154498652,21.257233,0.8305018481477748
21.278438,0.2258521286390416,21.278438,0.8260449043549546
21.299642,0.2241960318913667,21.299642,0.8215934887253153
21.320847,0.2225663482443718,21.320847,0.817147342509804
21.342052,0.220961810569381,21.342052,0.8127060487839985
21.363257,0.2193816971743869,21.363257,0.8082693418997867
21.384462,0.2178256907122022,21.384462,0.8038376897945554
21.405667,0.2162924581649131,21.405667,0.799410675096987
21.426871,0.2147821233566014,21.426871,0.7949870190849472
21.448076,0.2132931536615066,21.448076,0.7905668658620035
21.469281,0.2118253263129051,21.469281,0.7861500930913693
21.490486,0.2103784123249857,21.490486,0.781736577353511
21.511691,0.2089517377357428,21.511691,0.7773254329447781
21.532895,0.2075450525236349,21.532895,0.7729165212537757
21.5541,0.2061582627986524,21.5541,0.7685090951447212
21.575305,0.2047903333306817,21.575305,0.764103448903152
21.59651,0.2034423755482672,21.59651,0.7596991510912213
21.617715,0.2021124373134505,21.617715,0.7552949339938561
21.63892,0.2008012937306772,21.63892,0.750891576436914
21.660124,0.1995086552101109,21.660124,0.746488917200883
21.681329,0.1982343926940656,21.681329,0.7420861637618539
21.702534,0.1969783732633155,21.702534,0.7376825059152903
21.723739,0.1957393139630018,21.723739,0.7332788548913071
21.744944,0.1945191458713709,21.744944,0.7288742676967872
21.766149,0.1933156371178069,21.766149,0.7244680362543704
21.787353,0.1921303903035799,21.787353,0.7200604744590595
21.808558,0.1909629167088118,21.808558,0.7156520352503279
21.829763,0.1898130655664967,21.829763,0.7112418715597045
21.850968,0.1886798457494083,21.850968,0.7068296005346836
21.872173,0.1875635702516862,21.872173,0.7024151855459556
21.893377,0.1864652285764602,21.893377,0.697998768958851
21.914582,0.1853838167245602,21.914582,0.6935799589833643
21.935787,0.1843181242139073,21.935787,0.6891590316565062
21.956992,0.1832699996782325,21.956992,0.6847356371491551
21.978197,0.1822384130369616,21.978197,0.6803093702031674
21.999402,0.1812229980424731,21.999402,0.675880000458293
22.020606,0.1802238873979847,22.020606,0.6714481734198414
22.041811,0.1792401941663779,22.041811,0.6670127788916798
22.063016,0.1782729311449152,22.063016,0.6625739490645551
22.084221,0.1773201140507395,22.084221,0.6581317670854122
22.105426,0.1763829421814447,22.105426,0.653685660155233
22.12663,0.175460107219491,22.12663,0.6492358964394029
22.147835,0.1745513788022352,22.147835,0.6447815008526233
22.16904,0.1736570523787473,22.16904,0.6403223967977968
22.190245,0.1727766997768169,22.190245,0.6358583081046975
22.21145,0.1719098818908868,22.21145,0.6313889510371072
22.232655,0.1710563509124766,22.232655,0.6269132916021898
22.253859,0.1702161935047419,22.253859,0.6224319661868627
22.275064,0.1693884052550039,22.275064,0.6179437125133918
22.296269,0.1685725063276684,22.296269,0.6134481965819052
22.317474,0.167768767755521,22.317474,0.6089452844338363
22.338679,0.1669763570147449,22.338679,0.6044328778300495
22.359884,0.1661953287952509,22.359884,0.599911566244027
22.381088,0.165426388407605,22.381088,0.5953796183793865
22.402293,0.164667037433339,22.402293,0.5908377384841565
22.423498,0.1639189707596817,22.423498,0.5862835738573215
22.444703,0.1631814561541864,22.444703,0.58171744656027
22.465908,0.1624546429284749,22.465908,0.5771364752023722
22.487112,0.1617383635554984,22.487112,0.5725419619954597
22.508317,0.1610317363056133,22.508317,0.5679315276488888
22.529522,0.160336092292568,22.529522,0.5633042361740686
22.550727,0.1596509196916348,22.550727,0.5586594814002398
22.571932,0.1589767680243234,22.571932,0.5539960403933042
22.593137,0.1583136143726651,22.593137,0.5493115695993821
22.614341,0.1576618053939365,22.614341,0.5446055865303582
22.635546,0.1570210991014388,22.635546,0.539876491026442
22.656751,0.1563938391877423,22.656751,0.5351233810401872
22.677956,0.1557787317201601,22.677956,0.5303451831178837
22.699161,0.1551775898880069,22.699161,0.5255398028726753
22.720366,0.1545900185735438,22.720366,0.5207063220689457
22.74157,0.1540188204449797,22.74157,0.5158428026552885
22.762775,0.1534636858031171,22.762775,0.5109482389247251
22.78398,0.1529261176519779,22.78398,0.5060221313935851
22.805185,0.1524073276890832,22.805185,0.5010618659739809
22.82639,0.1519080363076195,22.82639,0.4960665796995773
22.847594,0.1514302236562301,22.847594,0.4910347366903647
22.868799,0.1509747395431391,22.868799,0.4859654020402262
22.890004,0.1505446767146065,22.890004,0.480857255001009
22.911209,0.1501413645081977,22.911209,0.4757083448252548
22.932414,0.1497646397795979,22.932414,0.4705182752330803
22.953619,0.1494201604525849,22.953619,0.4652852720102757
22.974823,0.1491066812777632,22.974823,0.460009567728399
22.996028,0.1488295105509334,22.996028,0.4546880504376934
23.017233,0.1485882417400561,23.017233,0.4493222291222651
23.038438,0.1483871852033858,23.038438,0.4439096267626823
23.059643,0.1482281621020408,23.059643,0.4384490712045686
23.080848,0.1481144792130677,23.080848,0.4329421427310563
23.102052,0.1480485958028097,23.102052,0.4273866945977421
23.123257,0.1480327793270924,23.123257,0.4217815829968204
23.144462,0.1480722762556488,23.144462,0.4161278637576787
23.165667,0.1481672131186505,23.165667,0.4104248080262054
23.186872,0.1483236159868889,23.186872,0.4046725775975265
23.208076,0.1485426223761867,23.208076,0.398872047983303
23.229281,0.1488293560283066,23.229281,0.3930205811605805
23.250486,0.1491871385077679,23.250486,0.3871211726270418
23.271691,0.149619188144631,23.271691,0.3811743714641089
23.292896,0.1501293789872558,23.292896,0.3751797308425645
23.314101,0.1507213722546256,23.314101,0.3691380934749453
23.335305,0.1514013911770734,23.335305,0.3630514856743506
23.35651,0.1521707308409001,23.35651,0.3569214638049296
23.377715,0.1530353819205552,23.377715,0.3507489531268343
23.39892,0.1539987138827456,23.39892,0.3445353448886482
23.420125,0.1550654890654048,23.420125,0.3382828785189892
23.44133,0.156241333068194,23.44133,0.3319960152756752
23.462534,0.1575294960276366,23.462534,0.3256755166092796
23.483739,0.1589352794382759,23.483739,0.3193249489941599
23.504944,0.1604634763690153,23.504944,0.312949720000561
23.526149,0.1621176733730088,23.526149,0.306552018456701
23.547354,0.1639033906478499,23.547354,0.3001371710832593
23.568558,0.1658261250816808,23.568558,0.2937112591638346
23.589763,0.1678886680393261,23.589763,0.2872796631438067
23.610968,0.1700956441910337,23.610968,0.2808478737194974
23.632173,0.1724514673920493,23.632173,0.2744221357792972
23.653378,0.1749585207930832,23.653378,0.2680120967383818
23.674583,0.1776224357910996,23.674583,0.2616251702271081
23.695787,0.1804416837547715,23.695787,0.2552708389852961
23.716992,0.1834205035161673,23.716992,0.2489579906532915
23.738197,0.1865590683439113,23.738197,0.2426979315555619
23.759402,0.1898571237092289,23.759402,0.2364988951837649
23.780607,0.1933125457416851,23.780607,0.2303730460386611
23.801812,0.1969252324777321,23.801812,0.224331333492245
23.823016,0.2006889048379241,23.823016,0.2183827752480616
23.844221,0.2045996583339784,23.844221,0.2125394556085544
23.865426,0.2086508825774136,23.865426,0.2068119696737441
23.886631,0.2128346577555751,23.886631,0.2012078317112254
23.907836,0.2171454612992476,23.907836,0.1957374551864385
23.92904,0.2215707747458959,23.92904,0.1904064290445482
23.950245,0.226100635606881,23.950245,0.1852228318049252
23.97145,0.2307258936634393,23.97145,0.1801900052910614
23.992655,0.2354340198103268,23.992655,0.175314510762941
24.01386,0.240216590246362,24.01386,0.1705960440033372
24.035065,0.2450597830884202,24.035065,0.1660370358906217
24.056269,0.2499550681993822,24.056269,0.1616370505749155
24.077474,0.2548914210626406,24.077474,0.1573964311264152
24.098679,0.2598588086177394,24.098679,0.1533121013365576
24.119884,0.2648501366410241,24.119884,0.1493807045062018
24.141089,0.2698539945748447,24.141089,0.1456028103712298
24.162294,0.2748658987103553,24.162294,0.1419692300248589
24.183498,0.279878014541951,24.183498,0.1384799733677925
24.204703,0.2848831309555203,24.204703,0.1351273410639762
24.225908,0.2898775910759923,24.225908,0.1319091270838384
24.247113,0.2948555198472582,24.247113,0.1288207187699125
24.268318,0.2998131348739499,24.268318,0.125856727444127
24.289522,0.3047458536797215,24.289522,0.1230123381412704
24.310727,0.3096524915597298,24.310727,0.1202816092723595
24.331932,0.3145292026211234,24.331932,0.1176631603412031
24.353137,0.319374265558975,24.353137,0.1151517325155584
24.374342,0.3241836345430881,24.374342,0.1127431989326473
24.395547,0.3289578192372522,24.395547,0.1104320915193073
24.416751,0.3336930806708534,24.416751,0.1082177069042061
24.437956,0.3383900693102224,24.437956,0.106093538953968
24.459161,0.3430469382767192,24.459161,0.1040586462579211
24.480366,0.3476621792970741,24.480366,0.102107741692738
24.501571,0.3522353375832499,24.501571,0.1002383810842237
24.522776,0.3567648091593531,24.522776,0.09844861123707949
24.54398,0.3612501132409888,24.54398,0.09673491777340416
24.565185,0.3656896565411737,24.565185,0.09509429478786641
24.58639,0.3700845743103863,24.58639,0.09352321713082717
24.607595,0.3744335658466879,24.607595,0.09201899386901556
24.6288,0.3787345305231744,24.6288,0.0905805973186827
24.650004,0.3829889284046091,24.650004,0.08920492856625577
24.671209,0.3871958018686333,24.671209,0.08788964094075009
24.692414,0.3913540319886282,24.692414,0.08663127814915463
24.713619,0.3954640991605917,24.713619,0.08542747640483304
24.734824,0.3995238772142078,24.734824,0.08427531349258402
24.756029,0.4035356830161103,24.756029,0.08317480067471514
24.777233,0.4074967965634584,24.777233,0.0821196639635149
24.798438,0.4114084297637344,24.798438,0.08111039440578213
24.819643,0.4152699151070222,24.819643,0.08014425988798823
24.840848,0.4190815865336293,24.840848,0.07921727192692106
24.862053,0.4228440375084158,24.862053,0.07832675185668383
24.883257,0.4265571552619103,24.883257,0.07747261906721296
24.904462,0.4302200258148619,24.904462,0.07665031384241258
24.925667,0.4338333277076017,24.925667,0.07585747313120353
24.946872,0.4373990422449917,24.946872,0.07509275701980826
24.968077,0.4409163367748784,24.968077,0.0743519739817176
24.989282,0.4443862645654391,24.989282,0.07363526420421433
25.010486,0.447808952107478,25.010486,0.07293735385656344
25.031691,0.4511852615164187,25.031691,0.07225745781328816
25.052896,0.4545180065166139,25.052896,0.07159342321635952
25.074101,0.4578055040465274,25.074101,0.07094279058012201
25.095306,0.4610514295924779,25.095306,0.07030235223139805
25.116511,0.4642553266927176,25.116511,0.06967071380832769
25.137715,0.4674198945129597,25.137715,0.06904605554632672
25.15892,0.4705467298056368,25.15892,0.0684267851851816
25.180125,0.4736350296445035,25.180125,0.06780959597542029
25.20133,0.4766896080894495,25.20133,0.06719361919463024
25.222535,0.4797109297857279,25.222535,0.06657759499927535
25.243739,0.4827012078412144,25.243739,0.06595798701724645
25.264944,0.4856611480404851,25.264944,0.06533567720627073
25.286149,0.4885950501300267,25.286149,0.06470798259537471
25.307354,0.4915033924602918,25.307354,0.06407483749472655
25.328559,0.4943892410779431,25.328559,0.06343281243666031
25.349764,0.4972542633866649,25.349764,0.06278377542179807
25.370968,0.500100568170985,25.370968,0.06212550430332138
25.392173,0.5029314529420814,25.392173,0.06145767940976152
25.413378,0.5057491711451266,25.413378,0.06078012926921669
25.434583,0.5085548447263886,25.434583,0.06009184715650839
25.455788,0.5113517331598558,25.455788,0.0593935603040297
25.476993,0.5141428029675816,25.476993,0.05868408509435546
25.498197,0.5169293796079516,25.498197,0.05796536467462003
25.519402,0.5197143334755374,25.519402,0.05723625092475952
25.540607,0.5224997443013254,25.540607,0.05649763530405832
25.561812,0.5252884843736554,25.561812,0.05574936605533685
25.583017,0.5280817886158933,25.583017,0.0549943221411176
25.604221,0.5308813008872961,25.604221,0.05423057838330606
25.625426,0.533691059595224,25.625426,0.05346164131293484
25.646631,0.5365117720293404,25.646631,0.05268663517499509
25.667836,0.5393444911608696,25.667836,0.05190838222847357
25.689041,0.5421927963245841,25.689041,0.05112756972780732
25.710246,0.5450574595488789,25.710246,0.05034515080797493
25.73145,0.547940297541574,25.73145,0.04956379394223954
25.752655,0.5508429090533973,25.752655,0.04878432590914056
25.77386,0.5537660337400758,25.77386,0.04800854220047484
25.795065,0.5567122399535572,25.795065,0.04723894700463907
25.81627,0.5596812137971074,25.81627,0.04647645723808363
25.837475,0.5626753587486871,25.837475,0.04572263490836586
25.858679,0.5656945196270338,25.858679,0.04498099083013283
25.879884,0.5687409351821689,25.879884,0.0442521338681884
25.901089,0.5718135115236884,25.901089,0.04353954479609846
25.922294,0.5749144183809061,25.922294,0.04284376806789449
25.943499,0.5780433179234897,25.943499,0.04216725502088795
25.964703,0.5812015735009795,25.964703,0.04151227577493704
25.985908,0.5843888006742411,25.985908,0.04088117358244413
26.007113,0.5876046076507444,26.007113,0.04027623284749104
26.028318,0.5908510676902933,26.028318,0.03969866736755217
26.049523,0.594126177624714,26.049523,0.03915245763618476
26.070728,0.5974310752098811,26.070728,0.03863792989323601
26.091932,0.6007645431765629,26.091932,0.0381580442127769
26.113137,0.604127851485231,26.113137,0.03771552651311098
26.134342,0.6075196718528459,26.134342,0.03731154899209674
26.155547,0.6109396169417215,26.155547,0.03694882337635885
26.176752,0.6143872530210686,26.176752,0.03662917791562365
26.197957,0.6178613951018206,26.197957,0.03635524112377711
26.219161,0.6213624859267868,26.219161,0.03612947435427436
26.240366,0.6248884740021856,26.240366,0.03595281547779264
26.261571,0.6284399188665307,26.261571,0.03582920073029621
26.282776,0.6320140355814854,26.282776,0.03575949065625795
26.303981,0.6356105510503434,26.303981,0.03574594531581404
26.325185,0.6392284268750511,26.325185,0.03579080503638494
26.34639,0.6428658830711104,26.34639,0.03589628973582877
26.367595,0.6465220063813715,26.367595,0.03606528435204685
26.3888,0.6501942575781871,26.3888,0.03629838271397211
26.410005,0.6538818239461334,26.410005,0.03659835634454252
26.43121,0.6575824148116105,26.43121,0.03696798979480677
26.452414,0.6612936857073286,26.452414,0.0374077365846015
26.473619,0.6650149933581521,26.473619,0.03792019766751153
26.494824,0.6687427120276992,26.494824,0.03850733553703892
26.516029,0.6724755479697806,26.516029,0.03917094097997408
26.537234,0.676210748794814,26.537234,0.03991211326957094
26.558439,0.6799457402308539,26.558439,0.04073339733049366
26.579643,0.6836772236641145,26.579643,0.0416358758412945
26.600848,0.6874034547711242,26.600848,0.04262053063110486
26.622053,0.691120644444735,26.622053,0.04368918833883059
26.643258,0.6948265114854936,26.643258,0.04484284851679917
26.664463,0.6985181470460545,26.664463,0.04608255366897102
26.685667,0.7021913238904335,26.685667,0.04740944364786041
26.706872,0.7058425991715374,26.706872,0.04882391632419011
26.728077,0.7094700887037116,26.728077,0.05032699837316371
26.749282,0.7130684480298227,26.749282,0.05191927942161818
26.770487,0.7166351501650372,26.770487,0.05359979899277065
26.791692,0.7201665213017643,26.791692,0.05536983297685309
26.812896,0.7236588391408632,26.812896,0.05722862453966185
26.834101,0.7271079059000699,26.834101,0.05917691122713987
26.855306,0.7305100356905978,26.855306,0.06121202696103566
26.876511,0.7338619062186382,26.876511,0.06333480400896103
26.897716,0.7371594383784118,26.897716,0.06554416518940007
26.918921,0.7403986410181268,26.918921,0.06783913045941191
26.940125,0.743576084026628,26.940125,0.07021675538199568
26.96133,0.7466873157406785,26.96133,0.07267700797377238
26.982535,0.7497290333409572,26.982535,0.07521717512886307
27.00374,0.752697382164183,27.00374,0.07783539758242543
27.024945,0.755589074137561,27.024945,0.08052855987819962
27.046149,0.7584003340769603,27.046149,0.08329505824504238
27.067354,0.7611279314214776,27.067354,0.08613203811554418
27.088559,0.7637684975914365,27.088559,0.08903548681890863
27.109764,0.7663188115177885,27.109764,0.092002830858816
27.130969,0.7687755771522881,27.130969,0.09503098455679465
27.152174,0.7711365235513077,27.152174,0.09811492218208485
27.173378,0.7733989384110168,27.173378,0.1012517552207756
27.194583,0.7755599145247669,27.194583,0.1044374502640871
27.215788,0.7776175878138722,27.215788,0.1076666748695501
27.236993,0.7795697412227528,27.236993,0.1109368353168142
27.258198,0.7814141929409438,27.258198,0.1142415901917802
27.279403,0.7831501873435234,27.279403,0.1175764259373275
27.300607,0.7847757235121434,27.300607,0.1209377369310678
27.321812,0.7862895763797857,27.321812,0.1243193384936662
27.343017,0.7876919341978562,27.343017,0.1277168086054445
27.364222,0.7889813309516822,27.364222,0.131124141904868
27.385427,0.7901583344653897,27.385427,0.1345369596992542
27.406631,0.7912230724912604,27.406631,0.1379490864141928
27.427836,0.7921753532149921,27.427836,0.1413569603567423
27.449041,0.7930156582329403,27.449041,0.1447543926885248
27.470246,0.7937456521496511,27.470246,0.148135614578247
27.491451,0.7943664756720692,27.491451,0.1514961968884501
27.512656,0.7948801235972187,27.512656,0.1548302647738148
27.53386,0.7952880794125794,27.53386,0.1581332642290963
27.555065,0.795593516658071,27.555065,0.1614002594432747
27.57627,0.7957976702742291,27.57627,0.1646266443012513
27.597475,0.7959047957611816,27.597475,0.1678077588064635
27.61868,0.7959176970943073,27.61868,0.1709385285648188
27.639885,0.7958400543233831,27.639885,0.1740154937511179
27.661089,0.7956747255236973,27.661089,0.1770346543397962
27.682294,0.79542687023823,27.682294,0.1799914050642024
27.703499,0.7951007680537808,27.703499,0.1828831084592342
27.724704,0.794700498102935,27.724704,0.1857064395357713
27.745909,0.7942315499719601,27.745909,0.188458894645125
27.767113,0.7936978876153624,27.767113,0.1911369582396047
27.788318,0.7931057869802585,27.788318,0.1937389721805481
27.809523,0.792460310975092,27.809523,0.1962634567889275
27.830728,0.7917671007246636,27.830728,0.1987086857435767
27.851933,0.7910313411696956,27.851933,0.201073575371622
27.873138,0.7902597087511711,27.873138,0.2033578306224913
27.894342,0.7894571148335188,27.894342,0.2055615142998896
27.915547,0.7886298329851245,27.915547,0.2076848898551488
27.936752,0.7877834133489378,27.936752,0.2097276957097066
27.957957,0.7869242262253383,27.957957,0.2116925549478478
27.979162,0.7860571914466333,27.979162,0.2135811513803804
28.000366,0.7851890498234847,28.000366,0.2153946238017717
28.021571,0.7843251361251089,28.021571,0.2171357159881134
28.042776,0.7834698211320232,28.042776,0.21880804515521
28.063981,0.7826294770179708,28.063981,0.2204152859885687
28.085186,0.7818084248052446,28.085186,0.2219603863225547
28.106391,0.7810117106092397,28.106391,0.2234486341617928
28.127595,0.7802430915295978,28.127595,0.224885041476005
28.1488,0.7795068007083515,28.1488,0.2262738437172306
28.170005,0.7788070454534095,28.170005,0.2276212073772322
28.19121,0.7781459678886506,28.19121,0.2289326262055392
28.212415,0.7775266963866901,28.212415,0.2302146033465303
28.23362,0.7769522322193626,28.23362,0.2314730462724554
28.254824,0.7764234308262107,28.254824,0.232715156223104
28.276029,0.7759417824473279,28.276029,0.2339479637601839
28.297234,0.7755078692929502,28.297234,0.2351774975104794
28.318439,0.7751222549958731,28.318439,0.2364117386888545
28.339644,0.7747845941029646,28.339644,0.2376576682105913
28.360848,0.7744933979099211,28.360848,0.2389226305858348
28.382053,0.7742464449973229,28.382053,0.2402135666256021
28.403258,0.7740427300990741,28.403258,0.2415370530979213
28.424463,0.7738791175393085,28.424463,0.2429009851017875
28.445668,0.7737519671576901,28.445668,0.2443114951867702
28.466873,0.7736572837807576,28.466873,0.2457754925679526
28.488077,0.773590754087916,28.488077,0.2472987157473944
28.509282,0.7735471364964814,28.509282,0.2488878711024428
28.530487,0.7735206913961178,28.530487,0.2505479196040711
28.551692,0.7735057442002192,28.551692,0.2522838407641972
28.572897,0.7734955249665939,28.572897,0.2541010175960469
28.594102,0.7734827702233072,28.594102,0.2560031168410288
28.615306,0.7734604885403009,28.615306,0.2579944327558272
28.636511,0.7734211916262483,28.636511,0.2600775646928543
28.657716,0.7733561144389665,28.657716,0.2622549899241876
28.678921,0.7732571571976005,28.678921,0.2645290743137977
28.700126,0.7731153298232935,28.700126,0.2669013173586445
28.72133,0.77292305268924,28.72133,0.2693715749266311
28.742535,0.7726705016570555,28.742535,0.2719406261134329
28.76374,0.7723486687021878,28.76374,0.2746078404671681
28.784945,0.7719481860721241,28.784945,0.2773715954816621
28.80615,0.771460866438149,28.80615,0.2802300277370355
28.827355,0.7708767718850732,28.827355,0.2831801501375956
28.848559,0.7701876772614091,28.848559,0.2862185497226281
28.869764,0.7693841994749099,28.869764,0.2893424379548356
28.890969,0.7684575597010292,28.890969,0.2925457589192859
28.912174,0.767399111226492,28.912174,0.2958232511335271
28.933379,0.7662009043963819,28.933379,0.2991702289631001
28.954584,0.7648554702452935,28.954584,0.3025787341571596
28.975788,0.7633537002233981,28.975788,0.3060422710096653
28.996993,0.7616896985999246,28.996993,0.3095532215197316
29.018198,0.7598561061351785,29.018198,0.3131027020498475
29.039403,0.7578461072924677,29.039403,0.3166823682151351
29.060608,0.7556540684889513,29.060608,0.3202827988261386
29.081812,0.753273812476856,29.081812,0.323894174945178
29.103017,0.750701309770802,29.103017,0.3275064220616103
29.124222,0.7479311257092114,29.124222,0.3311086963591386
29.145427,0.7449596078802571,29.145427,0.3346906293476207
29.166632,0.7417836208641516,29.166632,0.3382394716503848
29.187837,0.7384000432873449,29.187837,0.3417449691315921
29.209041,0.7348070393788926,29.209041,0.3451947061018945
29.230246,0.7310025662138526,29.230246,0.3485767516792219
29.251451,0.7269866035635787,29.251451,0.3518785610987232
29.272656,0.7227586530407066,29.272656,0.3550874125412173
29.293861,0.7183188358424938,29.293861,0.3581912197780894
29.315066,0.7136690286453888,29.315066,0.361176525327509
29.33627,0.7088100808395413,29.33627,0.3640312221496353
29.357475,0.7037457533356259,29.357475,0.366742532763692
29.37868,0.6984788202913909,29.37868,0.369297525574777
29.399885,0.693013341123042,29.399885,0.3716833208183034
29.42109,0.6873538936720712,29.42109,0.3738881853524622
29.442294,0.6815058391842819,29.442294,0.3758992003746114
29.463499,0.6754759663323008,29.463499,0.3777032976988095
29.484704,0.6692703753595228,29.484704,0.3792899093488735
29.505909,0.6628969090548276,29.505909,0.3806459142489834
29.527114,0.6563634154724087,29.527114,0.381760308532207
29.548319,0.6496803749944313,29.548319,0.3826219931641474
29.569523,0.6428559990501791,29.569523,0.383220348513494
29.590728,0.6359003671152207,29.590728,0.3835443610552402
29.611933,0.6288258980496196,29.611933,0.3835831201420504
29.633138,0.6216428518099411,29.633138,0.3833286256026235
29.654343,0.6143647249362569,29.654343,0.3827701859419077
29.675548,0.607004201682073,29.675548,0.3818993334109013
29.696752,0.5995752387833799,29.696752,0.3807078498824881
29.717957,0.5920916231239716,29.717957,0.379187935163527
29.739162,0.5845690313247005,29.739162,0.3773326813090786
29.760367,0.5770224186498646,29.760367,0.3751344713893133
29.781572,0.5694684570223739,29.781572,0.3725886787644566
29.802776,0.561924754461663,29.802776,0.3696882871782662
29.823981,0.5544086778933464,29.823981,0.3664300507920281
29.845186,0.5469385203859258,29.845186,0.362809516250533
29.866391,0.539533184542721,29.866391,0.3588231559178001
29.887596,0.532212294142048,29.887596,0.3544685120514117
29.908801,0.524997405063263,29.908801,0.3497445858382369
29.930005,0.5179088479960057,29.930005,0.3446513815909487
29.95121,0.5109699763375729,29.95121,0.3391892048966473
29.972415,0.5042025963492452,29.972415,0.3333590529224009
29.99362,0.4976305762153497,29.99362,0.327165386898463
30.014825,0.4912778728402195,30.014825,0.3206118343767286
30.03603,0.4851701563550915,30.03603,0.3137054041893827
30.057234,0.4793334066203261,30.057234,0.306454751476049
30.078439,0.4737936203200786,30.078439,0.2988685240302277
30.099644,0.4685775653043999,30.099644,0.2909603662126497
30.120849,0.463712960232735,30.120849,0.2827449548405879
30.142054,0.4592268730173489,30.142054,0.2742413551988327
30.163258,0.455146256462123,30.163258,0.2654696117665535
30.184463,0.4514965316972874,30.184463,0.2564549046804908
30.205668,0.448304660488601,30.205668,0.2472247330179564
30.226873,0.4455930338400708,30.226873,0.2378111683811308
30.248078,0.4433833592893956,30.248078,0.2282494321893249
30.269283,0.4416909649088887,30.269283,0.2185792956392374
30.290487,0.4405323767005405,30.290487,0.2088439008480421
30.311692,0.4399145804146025,30.311692,0.1990875135746986
30.332897,0.4398409923974404,30.332897,0.189357066393534
30.354102,0.4403084746991768,30.354102,0.179701287952857
30.375307,0.4413087724582137,30.375307,0.1701688357149318
30.396512,0.4428246501813065,30.396512,0.1608063145781174
30.417716,0.4448347748755984,30.417716,0.1516574328499079
30.438921,0.4473114950062648,30.438921,0.1427640485722496
30.460126,0.4502224929825154,30.460126,0.1341614444890601
30.481331,0.4535306866055616,30.481331,0.1258812285168531
30.502536,0.4571966395467395,30.502536,0.1179481547665382
30.52374,0.4611799673657668,30.52374,0.1103809870380304
30.544945,0.4654393192675045,30.544945,0.1031928288215707
30.56615,0.4699353254756999,30.56615,0.0963909234832407
30.587355,0.4746274529361783,30.587355,0.08997899244092529
30.60856,0.479478089046561,30.60856,0.08395378416570567
30.629765,0.4844537465381181,30.629765,0.07830984953898994
30.650969,0.4895209981891032,30.650969,0.07303976771633389
30.672174,0.4946520565648732,30.672174,0.06812970764547951
30.693379,0.4998198459671069,30.693379,0.0635679040285466
30.714584,0.5050012755575598,30.714584,0.05934044417395612
30.735789,0.5101759242780246,30.735789,0.05542989908827827
30.756993,0.5153265651487567,30.756993,0.05182150854631605
30.778198,0.5204373394597219,30.778198,0.04849767318041058
30.799403,0.5254941931976872,30.799403,0.04544388940757776
30.820608,0.5304878228930014,30.820608,0.04264188360938612
30.841813,0.5354065443323638,30.841813,0.04007702226867038
30.863018,0.5402451015345376,30.863018,0.0377328733608088
30.884222,0.54499546283624,30.884222,0.03559570918084717
30.905427,0.5496538371265214,30.905427,0.03365026995298227
30.926632,0.5542152812283005,30.926632,0.03188381951655516
30.947837,0.5586779627647974,30.947837,0.03028309890061417
30.969042,0.5630404354039584,30.969042,0.02883629483618052
30.990247,0.5672997202513963,30.990247,0.02753130213615958
31.011451,0.571456649493154,31.011451,0.02635720489622274
31.032656,0.5755104459464541,31.032656,0.02530362411763228
31.053861,0.5794630920989424,31.053861,0.02436134447988213
31.075066,0.5833140038291388,31.075066,0.02352077939143526
31.096271,0.5870644514378246,31.096271,0.02277433076939765
31.117475,0.5907174088257803,31.117475,0.02211463519581629
31.13868,0.5942740696281203,31.13868,0.02153299404096107
31.159885,0.5977356879473099,31.159885,0.02102266980770886
31.18109,0.6011052198736957,31.18109,0.02057875990928707
31.202295,0.6043854732639496,31.202295,0.02019406577409543
31.2235,0.60757763585066,31.2235,0.01986412811772174
31.244704,0.6106852894483205,31.244704,0.01958373683899271
31.265909,0.6137094930593712,31.265909,0.01934791645605405
31.287114,0.6166545635715824,31.287114,0.01915334888886938
31.308319,0.6195222272959554,31.308319,0.01899447587435548
31.329524,0.6223150903677603,31.329524,0.01886986219964619
31.350729,0.6250355733962257,31.350729,0.01877413142461446
31.371933,0.6276869551853185,31.371933,0.01870598058953358
31.393138,0.6302699932601761,31.393138,0.01866184353654392
31.414343,0.6327885745983927,31.414343,0.0186381367702241
31.435548,0.6352450284307711,31.435548,0.01863454174406034
31.456753,0.637640756816483,31.456753,0.0186476473984585
31.477957,0.6399787558673699,31.477957,0.01867640119366252
31.499162,0.6422611631847855,31.499162,0.01871902068682455
31.520367,0.6444900502309078,31.520367,0.01877298182596484
31.541572,0.6466666972933386,31.541572,0.0188365970460274
31.562777,0.6487931701817684,31.562777,0.0189097243372072
31.583982,0.650872219083577,31.583982,0.01899067073012194
31.605186,0.6529058058405102,31.605186,0.01907855603146962
31.626391,0.6548950731976633,31.626391,0.01917177348532358
31.647596,0.6568411631313346,31.647596,0.01926949879276864
31.668801,0.658746734463454,31.668801,0.01937163303039941
31.690006,0.6606128729160222,31.690006,0.01947736795258555
31.711211,0.6624406223672462,31.711211,0.01958515157726458
31.732415,0.6642325344566671,31.732415,0.01969415727385363
31.75362,0.6659896714359257,31.75362,0.01980511194950116
31.774825,0.6677122863127031,31.774825,0.01991726118062146
31.79603,0.6694028403486219,31.79603,0.02002904557891843
31.817235,0.6710615983543894,31.817235,0.02014122106397476
31.838439,0.6726910013933556,31.838439,0.02025298386893892
31.859644,0.6742912400294061,31.859644,0.02036360430754103
31.880849,0.6758632828550849,31.880849,0.02047381526859326
31.902054,0.6774087339292139,31.902054,0.02058137030376238
31.923259,0.6789278191906337,31.923259,0.02068776621459404
31.944464,0.6804228951600282,31.944464,0.02079221628289369
31.965668,0.6818933644378049,31.965668,0.02089402939379902
31.986873,0.683340869887438,31.986873,0.02099391479740282
32.008078,0.684766241388702,32.008078,0.0210904088535552
32.029283,0.6861703891956117,32.029283,0.02118497129705779
32.050488,0.6875541246103209,32.050488,0.02127614318115082
32.071693,0.688917592538418,32.071693,0.0213646743230457
32.092897,0.6902623150323978,32.092897,0.02144909214594034
32.114102,0.6915884457578281,32.114102,0.02153086867101041
32.135307,0.6928974879508223,32.135307,0.02160853554871403
32.156512,0.694189537715748,32.156512,0.02168211876186931
32.177717,0.6954654299566458,32.177717,0.02175233929448234
32.198921,0.6967259700075076,32.198921,0.02181919528539491
32.220126,0.6979719339296191,32.220126,0.02188196868319934
32.241331,0.6992033768609822,32.241331,0.02193996840929166
32.262536,0.7004218461281831,32.262536,0.02199460237449627
32.283741,0.7016273867470042,32.283741,0.02204517710135699
32.304946,0.7028207534266314,32.304946,0.02209098112755258
32.32615,0.7040027397506375,32.32615,0.02213272636626254
32.347355,0.705174133488334,32.347355,0.02217111952569747
32.36856,0.7063342356752035,32.36856,0.02220478522467095
32.389765,0.7074859260370917,32.389765,0.02223365783134365
32.41097,0.7086278802241692,32.41097,0.02225921451892377
32.432175,0.7097615308069231,32.432175,0.02228072290987816
32.453379,0.7108876203900534,32.453379,0.02229817983228139
32.474584,0.7120061851346708,32.474584,0.02231160393219797
32.495789,0.7131179831801902,32.495789,0.02232169202775224
32.516994,0.714224445204683,32.516994,0.02232841525807724
32.538199,0.7153248762399296,32.538199,0.02233111210107294
32.559403,0.7164200235542978,32.559403,0.02233047580193367
32.580608,0.7175113474873562,32.580608,0.02232786987425632
32.601813,0.7185988225534431,32.601813,0.02232191244483572
32.623018,0.7196824882533461,32.623018,0.02231331213709762
32.644223,0.7207630767023673,32.644223,0.02230275179126306
32.665428,0.7218419860868485,32.665428,0.02229019689922017
32.686632,0.722918554600924,32.686632,0.02227636833708046
32.707837,0.7239941728438812,32.707837,0.02226122889455271
32.729042,0.7250681563583067,32.729042,0.02224480534493303
32.750247,0.7261412426918072,32.750247,0.02222845784129445
32.771452,0.7272141436915587,32.771452,0.02221285179905874
32.792657,0.7282875041222326,32.792657,0.02219659119303913
32.813861,0.7293606996773143,32.813861,0.02218175452441807
32.835066,0.7304350985940146,32.835066,0.0221682939814479
32.856271,0.7315100331106511,32.856271,0.02215690731004412
32.877476,0.7325855211153937,32.877476,0.02214826737948078
32.898681,0.7336629215003839,32.898681,0.02214232111768442
32.919885,0.7347415660327818,32.919885,0.02213975736779565
32.94109,0.7358214487640091,32.94109,0.02214056144648342
32.962295,0.736903302842921,32.962295,0.02214673205702647
32.9835,0.7379864217998812,32.9835,0.02215758924143749
33.004705,0.739070819944587,33.004705,0.02217378843509031
33.02591,0.7401572067092993,33.02591,0.0221966358647543
33.047114,0.7412448789489505,33.047114,0.02222544865788489
33.068319,0.7423338712822736,33.068319,0.02226154650798112
33.089524,0.7434241780081646,33.089524,0.02230489737961937
33.110729,0.7445158339558176,33.110729,0.02235681128708913
33.131934,0.7456081437221225,33.131934,0.02241660065106407
33.153139,0.7467011455765618,33.153139,0.02248556882423916
33.174343,0.7477941697807091,33.174343,0.02256369557541217
33.195548,0.7488879051111024,33.195548,0.02265158761975646
33.216753,0.7499816845173572,33.216753,0.02274922221731288
33.237958,0.7510748654523699,33.237958,0.02285724205357354
33.259163,0.7521674536192743,33.259163,0.02297560193125214
33.280367,0.7532588326186732,33.280367,0.02310560360705493
33.301572,0.7543489713572569,33.301572,0.02324587248849744
33.322777,0.7554372797643222,33.322777,0.02339836869781496
33.343982,0.7565230906682352,33.343982,0.02356240043414243
33.365187,0.7576070801062041,33.365187,0.02373789853901436
33.386392,0.7586886247034597,33.386392,0.02392549381782925
33.407596,0.7597664273936592,33.407596,0.02412517760606827
33.428801,0.7608411895190574,33.428801,0.0243375362100269
33.450006,0.7619116006168208,33.450006,0.02456190453702203
33.471211,0.7629783639601631,33.471211,0.02479886834771099
33.492416,0.7640401974765583,33.492416,0.02504842030983217
33.513621,0.7650971324006679,33.513621,0.02531051180291039
33.534825,0.7661492220441767,33.534825,0.02558574679185631
33.55603,0.7671951748801368,33.55603,0.02587346825154535
33.577235,0.7682357006937169,33.577235,0.0261742587357532
33.59844,0.7692695367939916,33.59844,0.02648811505642239
33.619645,0.7702967019221331,33.619645,0.02681434302971734
33.640849,0.7713172825195816,33.640849,0.02715419513430685
33.662054,0.772329981808771,33.662054,0.02750637745571817
33.683259,0.7733348927235454,33.683259,0.02787214207300145
33.704464,0.7743320397159938,33.704464,0.02825080053257695
33.725669,0.7753208499279366,33.725669,0.02864298051840618
33.746874,0.7763013501101965,33.746874,0.02904799791575658
33.768078,0.7772716633022067,33.768078,0.02946588828762591
33.789283,0.7782331547559687,33.789283,0.02989720992714048
33.810488,0.7791839308627786,33.810488,0.03034135980425331
33.831693,0.7801247166785151,33.831693,0.03079892161640277
33.852898,0.7810542922727155,33.852898,0.0312699132974897
33.874102,0.7819726947426749,33.874102,0.03175366629415496
33.895307,0.7828793483787799,33.895307,0.03225018012326503
33.916512,0.7837730701399349,33.916512,0.03276012021619435
33.937717,0.7846545384878606,33.937717,0.03328279990622144
33.958922,0.7855219405175282,33.958922,0.03381891533481261
33.980127,0.7863759285757493,33.980127,0.03436715064377345
34.001331,0.7872146974175194,34.001331,0.03492820966148299
34.022536,0.7880389271718966,34.022536,0.03550141882000891
34.043741,0.7888474244326269,34.043741,0.03608682632192746
34.064946,0.7896389713506722,34.064946,0.03668385306572716
34.086151,0.7904136749522029,34.086151,0.03729313008379126
34.107356,0.7911708918058783,34.107356,0.03791279521360311
34.12856,0.7919094983601296,34.12856,0.03854417716065718
34.149765,0.7926294505829207,34.149765,0.03918476657302903
34.17097,0.7933296281845167,34.17097,0.03983590033353653
34.192175,0.7940100462036705,34.192175,0.04049633899940869
34.21338,0.7946688321711957,34.21338,0.04116494654839154
34.234584,0.7953073159438985,34.234584,0.04184168727343555
34.255789,0.7959230295264254,34.255789,0.04252609705254953
34.276994,0.796516571505176,34.276994,0.04321630111844611
34.298199,0.7970867579471216,34.298199,0.04391240934694089
34.319404,0.7976336219437621,34.319404,0.04461384151947018
34.340609,0.7981564618807792,34.340609,0.04531818224557942
34.361813,0.7986553717359566,34.361813,0.04602611001050512
34.383018,0.7991290160254858,34.383018,0.04673525707494634
34.404223,0.7995780697070225,34.404223,0.04744564844543637
34.425428,0.8000018459462884,34.425428,0.04815551388438484
34.446633,0.8004009338681379,34.446633,0.04886363614168804
34.467838,0.8007740873090253,34.467838,0.04956953606402321
34.489042,0.8011218456362945,34.489042,0.05027137909092042
34.510247,0.8014441962036353,34.510247,0.0509686141511729
34.531452,0.801741623160375,34.531452,0.05165878732444858
34.552657,0.8020135198691999,34.552657,0.0523420104025757
34.573862,0.8022610172873138,34.573862,0.05301641122214425
34.595066,0.8024840373989254,34.595066,0.05368081854889951
34.616271,0.8026831165910032,34.616271,0.05433401936398576
34.637476,0.8028587424489557,34.637476,0.05497417872709547
34.658681,0.8030115233869277,34.658681,0.05560131915876169
34.679886,0.8031419357078533,34.679886,0.0562136006012549
34.701091,0.803251155491106,34.701091,0.05681037579348403
34.722295,0.8033402222901519,34.722295,0.05738913441750763
34.7435,0.8034091522512073,34.7435,0.05795054720193478
34.764705,0.8034596396260019,34.764705,0.05849267054892284
34.78591,0.8034922255146514,34.78591,0.05901488339806638
34.807115,0.8035086870113537,34.807115,0.05951646917206791
34.82832,0.8035095154307001,34.82832,0.05999617810892961
34.849524,0.8034965302923481,34.849524,0.06045390137817574
34.870729,0.8034708389826939,34.870729,0.06088833300028917
34.891934,0.8034336415751259,34.891934,0.06129939979043662
34.913139,0.8033866630669332,34.913139,0.0616857389825392
34.934344,0.8033305813336444,34.934344,0.06204855281028801
34.955548,0.8032670753820796,34.955548,0.06238585090290627
34.976753,0.8031980645917927,34.976753,0.06269873175751997
34.997958,0.8031247081981692,34.997958,0.06298648202903755
35.019163,0.8030482155752766,35.019163,0.06324900425015492
35.040368,0.8029704173781159,35.040368,0.06348614954764252
35.061573,0.8028932451485384,35.061573,0.06369900395729228
35.082777,0.8028172981607634,35.082777,0.06388751228642466
35.103982,0.8027437969485065,35.103982,0.06405156937425484
35.125187,0.8026752519658198,35.125187,0.06419158915615115
35.146392,0.8026124190580614,35.146392,0.06430937121627832
35.167597,0.8025570469301709,35.167597,0.06440352146642758
35.188802,0.802509946244928,35.188802,0.06447645944092499
35.210006,0.8024724001486045,35.210006,0.06452869904361913
35.231211,0.8024463126485902,35.231211,0.06456070541218534
35.252416,0.8024317818219627,35.252416,0.06457371352160193
35.273621,0.8024307641766928,35.273621,0.06456881056044751
35.294826,0.8024439787918363,35.294826,0.06454718506079835
35.31603,0.8024720953103996,35.31603,0.06450940824300727
35.337235,0.8025165517233199,35.337235,0.06445786057486101
35.35844,0.802577348402518,35.35844,0.06439254746332666
35.379645,0.8026559218632995,35.379645,0.06431585265098438
35.40085,0.802752988761859,35.40085,0.06422897294910672
35.422055,0.8028679771001361,35.422055,0.06413258651313479
35.443259,0.8030023182639431,35.443259,0.06402908040310286
35.464464,0.8031561046792464,35.464464,0.06391970340622946
35.485669,0.8033288082674794,35.485669,0.06380575359987996
35.506874,0.8035218034990234,35.506874,0.0636889998219721
35.528079,0.8037338903559806,35.528079,0.06357016994439572
35.549284,0.8039658687142019,35.549284,0.06345169861698989
35.570488,0.8042172014035166,35.570488,0.06333488006860391
35.591693,0.8044879187589051,35.591693,0.06322034031096757
35.612898,0.8047769111189526,35.612898,0.06311003620790122
35.634103,0.8050843023435791,35.634103,0.06300582417560606
35.655308,0.8054095003140513,35.655308,0.06290837143123285
35.676512,0.8057520084997062,35.676512,0.06281957657697661
35.697717,0.8061105686591141,35.697717,0.06273953222586642
35.718922,0.8064847316841108,35.718922,0.06267074628239459
35.740127,0.8068738562700453,35.740127,0.06261325683985429
35.761332,0.8072768293164732,35.761332,0.06256899512744295
35.782537,0.8076923959929694,35.782537,0.06253804078209954
35.803741,0.8081200617105602,35.803741,0.06252226914531968
35.824946,0.8085579605782596,35.824946,0.06252180111348625
35.846151,0.8090054597717152,35.846151,0.06253666077145657
35.867356,0.8094614566415449,35.867356,0.06256876048198068
35.888561,0.8099247092968304,35.888561,0.06261816613056685
35.909766,0.8103939795032211,35.909766,0.06268494249073833
35.93097,0.8108674673051671,35.93097,0.06276981387495316
35.952175,0.8113445558829918,35.952175,0.06287279507839161
35.97338,0.8118240187878147,35.97338,0.06299394796961089
35.994585,0.8123046812348717,35.994585,0.06313394614695275
36.01579,0.8127846185407933,36.01579,0.06329167509635657
36.036994,0.8132632764375918,36.036994,0.06346776191112191
36.058199,0.8137393973637773,36.058199,0.06366165896333188
36.079404,0.8142117275460578,36.079404,0.06387282108640245
36.100609,0.8146797227940032,36.100609,0.0641018777549773
36.121814,0.8151414302505287,36.121814,0.06434711579299705
36.143019,0.8155962640910286,36.143019,0.06460855979855099
36.164223,0.8160436407331864,36.164223,0.06488623568272193
36.185428,0.8164822245610938,36.185428,0.06517839384514122
36.206633,0.81691138707517,36.206633,0.06548445871409737
36.227838,0.8173299420216974,36.227838,0.06580451447424426
36.249043,0.8177384303844976,36.249043,0.0661372854576131
36.270248,0.818134961929461,36.270248,0.06648169621272042
36.291452,0.8185201256292771,36.291452,0.06683708596406343
36.312657,0.8188926887957658,36.312657,0.06720294460184775
36.333862,0.8192525826403432,36.333862,0.06757805977439917
36.355067,0.8195991304203616,36.355067,0.06796127269123832
36.376272,0.8199329160291299,36.376272,0.06835193331597986
36.397476,0.8202532594817635,36.397476,0.06874888864888896
36.418681,0.8205595814541388,36.418681,0.06915219964824873
36.439886,0.8208535685611055,36.439886,0.06955990957082563
36.461091,0.8211334280434393,36.461091,0.06997218483347442
36.482296,0.8214002874669056,36.482296,0.07038772798375656
36.503501,0.8216546656772362,36.503501,0.07080529379340662
36.524705,0.821896027223181,36.524705,0.07122555415893721
36.54591,0.8221247822901724,36.54591,0.07164605820045733
36.567115,0.8223416524972214,36.567115,0.07206797785328067
36.58832,0.8225464913611439,36.58832,0.07248951959096116
36.609525,0.8227405148527779,36.609525,0.07291059443053446
36.630729,0.8229237313476853,36.630729,0.07333121855797328
36.651934,0.8230966434510195,36.651934,0.07375014888347353
36.673139,0.8232599132667858,36.673139,0.07416794989775367
36.694344,0.8234134370488443,36.694344,0.07458343189067611
36.715549,0.8235584772608985,36.715549,0.07499710306598348
36.736754,0.8236950368888865,36.736754,0.07540897688858962
36.757958,0.8238242669529946,36.757958,0.0758183541145479
36.779163,0.8239461682928885,36.779163,0.07622524676596894
36.800368,0.8240613990745527,36.800368,0.07663021234936768
36.821573,0.8241700164548724,36.821573,0.07703386283463073
36.842778,0.824273111665954,36.842778,0.07743489275174466
36.863983,0.8243714552600049,36.863983,0.07783505795911201
36.885187,0.824464390278604,36.885187,0.07823382157015142
36.906392,0.8245525182301985,36.906392,0.0786311345445424
36.927597,0.8246372136211702,36.927597,0.07902869155494897
36.948802,0.824717219071229,36.948802,0.07942601231700799
36.970007,0.8247931949629931,36.970007,0.07982364597825523
36.991211,0.8248663443602557,36.991211,0.08022148127685004
37.012416,0.8249356439630824,37.012416,0.08062144057746201
37.033621,0.8250010982845478,37.033621,0.08102352850074016
37.054826,0.8250633119815741,37.054826,0.08142769048673974
37.076031,0.8251224082476478,37.076031,0.08183513055160381
37.097236,0.82517719300058,37.097236,0.08224597162363927
37.11844,0.8252277928667051,37.11844,0.08266141856787697
37.139645,0.8252747554395805,37.139645,0.08308081587141157
37.16085,0.8253171311117741,37.16085,0.08350668779546527
37.182055,0.8253542095598253,37.182055,0.08393790108243025
37.20326,0.8253861231126146,37.20326,0.0843756613418349
37.224465,0.8254116845730359,37.224465,0.08482009802928235
37.245669,0.8254309680967531,37.245669,0.08527181886850374
37.266874,0.8254428506560609,37.266874,0.08573155602929371
37.288079,0.8254467478604323,37.288079,0.08619938255790505
37.309284,0.8254421386060481,37.309284,0.08667597237139132
37.330489,0.8254277779270424,37.330489,0.08716086606714493
37.351693,0.825403146245017,37.351693,0.08765474220584457
37.372898,0.8253670627104741,37.372898,0.08815774615605655
37.394103,0.8253189457753132,37.394103,0.08866996253339735
37.415308,0.8252575504043926,37.415308,0.08919094404399192
37.436513,0.8251810964467382,37.436513,0.08972091134758406
37.457718,0.8250901991113155,37.457718,0.09025982865899086
37.478922,0.8249824132280628,37.478922,0.09080739031377413
37.500127,0.8248570881683679,37.500127,0.09136309923376375
37.521332,0.8247129722035893,37.521332,0.09192652784087013
37.542537,0.8245500087683701,37.542537,0.09249711865739013
37.563742,0.8243657431631468,37.563742,0.09307458568764808
37.584947,0.8241593779559682,37.584947,0.09365724890668402
37.606151,0.8239309133717684,37.606151,0.09424515907799495
37.627356,0.8236784129955005,37.627356,0.0948373767814487
37.648561,0.8234011324820604,37.648561,0.09543282963812542
37.669766,0.82309825155338,37.669766,0.09602984801732863
37.690971,0.8227690825043594,37.690971,0.09662796243875482
37.712175,0.8224121206951849,37.712175,0.09722497758473048
37.73338,0.8220272636295695,37.73338,0.09782035652315743
37.754585,0.8216136605075993,37.754585,0.09841243383179135
37.77579,0.8211704510417596,37.77579,0.09899954375716548
37.796995,0.8206980387886906,37.796995,0.09958047434915622
37.8182,0.8201948725809197,37.8182,0.1001530279523853
37.839404,0.819661865613539,37.839404,0.1007153113536729
37.860609,0.8190975192478652,37.860609,0.1012657199550128
37.881814,0.8185028042798843,37.881814,0.1018029499279601
37.903019,0.8178773325180356,37.903019,0.102324635581161
37.924224,0.8172213829488767,37.924224,0.1028289295328643
37.945429,0.8165358299905628,37.945429,0.103313898669915
37.966633,0.8158196567917222,37.966633,0.1037772248991232
37.987838,0.8150750069573461,37.987838,0.1042174024168616
38.009043,0.8143015316619837,38.009043,0.1046326166501275
38.030248,0.8135006885135714,38.030248,0.1050208084717247
38.051453,0.8126727243656322,38.051453,0.1053800594413326
38.072657,0.8118196990579295,38.072657,0.1057082010938939
38.093862,0.8109425429293905,38.093862,0.1060038109352032
38.115067,0.8100427948976121,38.115067,0.1062653733138634
38.136272,0.8091213115863164,38.136272,0.1064908299486907
38.157477,0.8081802483441712,38.157477,0.1066785536724529
38.178682,0.8072212422928291,38.178682,0.106827590110318
38.199886,0.8062464688134502,38.199886,0.1069362823094099
38.221091,0.8052581967957181,38.221091,0.1070035677287976
38.242296,0.8042573254829937,38.242296,0.1070273123695908
38.263501,0.8032470047064212,38.263501,0.1070081799202169
38.284706,0.8022294673447342,38.284706,0.1069444635136203
38.305911,0.8012064320647033,38.305911,0.1068351383293531
38.327115,0.8001816388389531,38.327115,0.1066801534259904
38.34832,0.7991556987415304,38.34832,0.1064792507067157
38.369525,0.7981329271365837,38.369525,0.1062316778536948
38.39073,0.7971147522506404,38.39073,0.1059383228845921
38.411935,0.7961036877179549,38.411935,0.1055986818010867
38.433139,0.795102968638783,38.433139,0.1052127879024492
38.454344,0.7941147805538945,38.454344,0.1047820819327425
38.475549,0.7931417825005306,38.475549,0.1043066975228286
38.496754,0.7921861150356355,38.496754,0.1037874792797921
38.517959,0.7912499348842241,38.517959,0.1032252849562016
38.539164,0.7903368200512998,38.539164,0.102622069404201
38.560368,0.7894477142839817,38.560368,0.101978887953357
38.581573,0.7885854392865741,38.581573,0.1012965698076642
38.602778,0.7877524467343263,38.602778,0.1005779167407917
38.623983,0.7869497056623118,38.623983,0.09982404140285607
38.645188,0.7861795980631647,38.645188,0.09903716681508737
38.666393,0.7854444317041755,38.666393,0.09821891515943108
38.687597,0.7847441643444636,38.687597,0.09737249854394422
38.708802,0.7840822779947058,38.708802,0.09649880136751525
38.730007,0.7834581682841683,38.730007,0.09560178581587395
38.751212,0.7828734232776915,38.751212,0.09468261125746177
38.772417,0.7823298551484941,38.772417,0.0937443451983301
38.793621,0.7818272229503233,38.793621,0.09278904324441703
38.814826,0.7813666818762833,38.814826,0.09181988644271329
38.836031,0.7809479601953723,38.836031,0.09083895933635909
38.857236,0.7805715477164969,38.857236,0.08984954704686807
38.878441,0.7802384022249249,38.878441,0.08885361166831494
38.899646,0.7799469354526881,38.899646,0.08785341269432619
38.92085,0.7796976502353724,38.92085,0.08685289737574203
38.942055,0.7794906752046443,38.942055,0.08585285511264223
38.96326,0.7793238683819215,38.96326,0.08485689029043228
38.984465,0.7791980273653633,38.984465,0.08386635708121258
39.00567,0.7791116018218658,39.00567,0.08288478807014941
39.026875,0.7790633842019777,39.026875,0.08191310398366172
39.048079,0.7790523538344235,39.048079,0.08095412290276463
39.069284,0.7790774053648334,39.069284,0.08001002155980852
39.090489,0.7791367182106761,39.090489,0.0790823979410238
39.111694,0.7792297303377871,39.111694,0.07817271034255106
39.132899,0.7793539633200304,39.132899,0.07728259922284789
39.154103,0.7795082616121205,39.154103,0.07641419973767963
39.175308,0.7796907612844303,39.175308,0.07556906266650742
39.196513,0.7799001043955592,39.196513,0.07474739350776261
39.217718,0.780133781825868,39.217718,0.07395077785886371
39.238923,0.7803899144426071,39.238923,0.07318072535674736
39.260128,0.7806671950075293,39.260128,0.07243803808030463
39.281332,0.7809636219673721,39.281332,0.07172293103601203
39.302537,0.7812766192975835,39.302537,0.07103629960141014
39.323742,0.7816048816638932,39.323742,0.0703789104833852
39.344947,0.7819457794437807,39.344947,0.06975099992073215
39.366152,0.7822979567300957,39.366152,0.06915267965945181
39.387357,0.7826587939281245,39.387357,0.06858416517700244
39.408561,0.7830275790330823,39.408561,0.06804549600385007
39.429766,0.7834010153075405,39.429766,0.06753629235370578
39.450971,0.7837777697327745,39.450971,0.06705663522189363
39.472176,0.7841558276986853,39.472176,0.06660602160323338
39.493381,0.7845338686797871,39.493381,0.06618452315816227
39.514585,0.7849098388624717,39.514585,0.06579099591214083
39.53579,0.7852817462030406,39.53579,0.06542492582874337
39.556995,0.7856481857531116,39.556995,0.06508511179337054
39.5782,0.7860079160957255,39.5782,0.06477224841816942
39.599405,0.7863581772075736,39.599405,0.06448397367732191
39.62061,0.7866988997546203,39.62061,0.06421961441125465
39.641814,0.7870280728179352,39.641814,0.06397802281653572
39.663019,0.7873437429980381,39.663019,0.06375868284524501
39.684224,0.7876457522203342,39.684224,0.06355966480981622
39.705429,0.7879327356818363,39.705429,0.06337977563120965
39.726634,0.7882027021872674,39.726634,0.06321787512492104
39.747838,0.7884555549783954,39.747838,0.06307267376835549
39.769043,0.7886904681760134,39.769043,0.06294167611129467
39.790248,0.7889061392199817,39.790248,0.06282433046978712
39.811453,0.7891018464273246,39.811453,0.06271940716407658
39.832658,0.7892773984754144,39.832658,0.06262437020935378
39.853863,0.7894320250837603,39.853863,0.06253736665264099
39.875067,0.7895650558120106,39.875067,0.06245780463179641
39.896272,0.7896775581095345,39.896272,0.06238305684909296
39.917477,0.7897675518933065,39.917477,0.06231200545277439
39.938682,0.7898367819122034,39.938682,0.06224260648001157
39.959887,0.7898838954471944,39.959887,0.06217369449239914
39.981092,0.7899099561941912,39.981092,0.06210264804909005
40.002296,0.7899149169687242,40.002296,0.06202883240644006
40.023501,0.7898992595779102,40.023501,0.06195030493654167
40.044706,0.7898634650232301,40.044706,0.06186512247222735
40.065911,0.789808692154385,40.065911,0.06177192082669981
40.087116,0.7897348409360387,40.087116,0.06166943317617216
40.10832,0.7896430694841967,40.10832,0.0615562928092954
40.129525,0.7895345362489242,40.129525,0.0614311316011999
40.15073,0.789410351570197,40.15073,0.06129195025598481
40.171935,0.7892711928269528,40.171935,0.06113931490032222
40.19314,0.7891187536004496,40.19314,0.06097054439585756
40.214345,0.7889542951845981,40.214345,0.06078552368965697
40.235549,0.788778983596525,40.235549,0.06058287681818317
40.256754,0.7885935022151448,40.256754,0.06036316539039042
40.277959,0.7884001863064343,40.277959,0.06012365398094421
40.299164,0.7882004515956519,40.299164,0.05986611642314404
40.320369,0.7879954279948713,40.320369,0.05958854370447644
40.341574,0.7877870717124338,40.341574,0.05929140205165769
40.362778,0.7875760320261176,40.362778,0.05897462354270798
40.383983,0.7873642235360105,40.383983,0.05863804656078385
40.405188,0.7871536116210845,40.405188,0.0582821438188154
40.426393,0.7869449007482929,40.426393,0.05790748495437006
40.447598,0.786739968444267,40.447598,0.05751328496691902
40.468802,0.7865396162679444,40.468802,0.05710138316122657
40.490007,0.7863457270366683,40.490007,0.05667100165716545
40.511212,0.7861585164996412,40.511212,0.05622466598314867
40.532417,0.7859805033941289,40.532417,0.0557615612737696
40.553622,0.7858112242594006,40.553622,0.05528363385359254
40.574827,0.785652700414443,40.574827,0.05479202194212765
40.596031,0.7855049647303978,40.596031,0.05428673517631531
40.617236,0.7853688142544801,40.617236,0.05376964202492091
40.638441,0.7852455899679744,40.638441,0.05324130505681041
40.659646,0.7851348156084417,40.659646,0.05270368754177954
40.680851,0.7850371930817452,40.680851,0.05215740140828765
40.702056,0.7849534645101895,40.702056,0.05160369605512351
40.72326,0.7848830998611536,40.72326,0.05104390705709839
40.744465,0.7848255237530078,40.744465,0.05047873546537186
40.76567,0.7847821424191903,40.76567,0.04991002965390898
40.786875,0.7847517383837397,40.786875,0.04933853358483017
40.80808,0.7847337651334042,40.80808,0.04876558356514005
40.829284,0.7847288631206362,40.829284,0.04819116739202493
40.850489,0.7847358834511842,40.850489,0.04761729492433039
40.871694,0.7847535564578,40.871694,0.04704406841638221
40.892899,0.7847825538767437,40.892899,0.04647210850934382
40.914104,0.7848216775710862,40.914104,0.04590278407127325
40.935309,0.7848702499573048,40.935309,0.04533551883503754
40.956513,0.7849271047564517,40.956513,0.04477231043117593
40.977718,0.7849915259645093,40.977718,0.04421194223384409
40.998923,0.7850629068989312,40.998923,0.04365510037326495
41.020128,0.7851406040297428,41.020128,0.04310183402349936
41.041333,0.785224008125561,41.041333,0.04255282525016355
41.062538,0.7853117713695856,41.062538,0.04200688338399406
41.083742,0.7854032515052846,41.083742,0.04146405039396616
41.104947,0.7854978394121017,41.104947,0.04092500117385395
41.126152,0.7855954611891077,41.126152,0.04038847163395491
41.147357,0.7856948091380069,41.147357,0.03985389700404637
41.168562,0.7857958787647598,41.168562,0.03932128029046325
41.189766,0.7858979682510272,41.189766,0.03878938644903432
41.210971,0.7860011067136196,41.210971,0.03825885198270668
41.232176,0.7861045346594693,41.232176,0.03772717074179868
41.253381,0.7862076498207726,41.253381,0.03719500822291207
41.274586,0.786311692693385,41.274586,0.03666167026113527
41.295791,0.7864159435109754,41.295791,0.03612528488825521
41.316995,0.7865204084869649,41.316995,0.03558585346036048
41.3382,0.7866250656036563,41.3382,0.03504274298562585
41.359405,0.7867311633021563,41.359405,0.03449526504847125
41.38061,0.7868380486701091,41.38061,0.03394281713389463
41.401815,0.7869463124057191,41.401815,0.03338410713138387
41.42302,0.7870572358349273,41.42302,0.03281908713106291
41.444224,0.787170805765889,41.444224,0.03224713088197202
41.465429,0.7872882791275109,41.465429,0.03166756150317594
41.486634,0.7874096714341121,41.486634,0.03108039040900684
41.507839,0.7875362662124321,41.507839,0.03048558019488576
41.529044,0.787668664601903,41.529044,0.02988185395428404
41.550248,0.7878075657059981,41.550248,0.02927047289693785
41.571453,0.7879542059311958,41.571453,0.02865014214033049
41.592658,0.7881092815827767,41.592658,0.02802212905759367
41.613863,0.7882740519403497,41.613863,0.0273857802966646
41.635068,0.7884485535485604,41.635068,0.02674175747435296
41.656273,0.7886346996352136,41.656273,0.02609002623079771
41.677477,0.7888318893797979,41.677477,0.02543127410299365
41.698682,0.7890427050772257,41.698682,0.02476672032356902
41.719887,0.7892671323292865,41.719887,0.0240957709006253
41.741092,0.7895052145584978,41.741092,0.02341973131911467
41.762297,0.7897582552176617,41.762297,0.02273986993026164
41.783502,0.7900268833805772,41.783502,0.02205621146135847
41.804706,0.7903111454919878,41.804706,0.02137069696706084
41.825911,0.7906122946185046,41.825911,0.02068333633477151
41.847116,0.7909290858735408,41.847116,0.01999547150618837
41.868321,0.7912634282010749,41.868321,0.01930836110387952
41.889526,0.7916146820432316,41.889526,0.01862269653962142
41.91073,0.7919828649868638,41.91073,0.01794041339547879
41.931935,0.7923673148421843,41.931935,0.01726156511481566
41.95314,0.7927686698997838,41.95314,0.01658806723739776
41.974345,0.7931869168800026,41.974345,0.01592121570748312
41.99555,0.7936201235825888,41.99555,0.01526107975352972
42.016755,0.7940689250501415,42.016755,0.01461019268480683
42.037959,0.7945326323730122,42.037959,0.01396795996516072
42.059164,0.7950099835558434,42.059164,0.01333693943386212
42.080369,0.7954996607701779,42.080369,0.0127165359067608
42.101574,0.796001654804575,42.101574,0.01210927130844528
42.122779,0.7965134019646712,42.122779,0.01151518603124121
42.143984,0.797033608143292,42.143984,0.01093492157790304
42.165188,0.7975609892072639,42.165188,0.0103697398843698
42.186393,0.7980929931262494,42.186393,0.00981965769339899
42.207598,0.7986270898275194,42.207598,0.009285935944899695
42.228803,0.7991594885433704,42.228803,0.008768587622944432
42.250008,0.7996864159212668,42.250008,0.008268240985915391
42.271212,0.8002016087220267,42.271212,0.007785537959552104
42.292417,0.8006956854574911,42.292417,0.007319884578435337
42.313622,0.8011561899922202,42.313622,0.006873191605813434
42.334827,0.8015575645988681,42.334827,0.00644432817820767
42.356032,0.8018524823613712,42.356032,0.006033528743033381
42.377237,0.8019176019631826,42.377237,0.005642724375824027
42.398441,0.8012470393163806,42.398441,0.005274278459244728
