0.01,2.426305215755017,0.01,0
0.031205,2.426330150659633,0.031205,0
0.05241,2.42638084397318,0.05241,0
0.073614,2.426457088019485,0.073614,0
0.094819,2.426559086443188,0.094819,0
0.116024,2.426686835996767,0.116024,0
0.137229,2.426840332613582,0.137229,0
0.158434,2.427019571408521,0.158434,0
0.179639,2.427224752675368,0.179639,0
0.200843,2.427455869835742,0.200843,0
0.222048,2.427712915482389,0.222048,0
0.243253,2.427995881380362,0.243253,0
0.264458,2.428304964373297,0.264458,0
0.285663,2.42864015448975,0.285663,0
0.306868,2.429001646767659,0.306868,0
0.328072,2.429389429465766,0.328072,0
0.349277,2.42980369577462,0.349277,0
0.370482,2.430244432150807,0.370482,0
0.391687,2.430711829896749,0.391687,0
0.412892,2.431206079294801,0.412892,0
0.434096,2.431727163972143,0.434096,0
0.455301,2.432275066681398,0.455301,0
0.476506,2.432850385864285,0.476506,0
0.497711,2.433452896605973,0.497711,0
0.518916,2.4340827841304,0.518916,0
0.540121,2.434740437911195,0.540121,0
0.561325,2.435426040757551,0.561325,0
0.58253,2.436139363829582,0.58253,0
0.603735,2.436880998325524,0.603735,0
0.6249400000000001,2.437650918404848,0.6249400000000001,0
0.646145,2.438449507371436,0.646145,0
0.66735,2.439276737067773,0.66735,0
0.688554,2.440133193085984,0.688554,0
0.709759,2.441018639830511,0.709759,0
0.7309639999999999,2.441933864788316,0.7309639999999999,0
0.752169,2.44287883449016,0.752169,0
0.773374,2.443853719026571,0.773374,0
0.794578,2.444858891633626,0.794578,0
0.815783,2.445894928242013,0.815783,0
0.836988,2.446961789648543,0.836988,0
0.858193,2.448059844039765,0.858193,0
0.879398,2.449189457759444,0.879398,0
0.900603,2.45035099526578,0.900603,0
0.921807,2.451544819088568,0.921807,0
0.943012,2.452771493637351,0.943012,0
0.964217,2.454030969649731,0.964217,0
0.985422,2.455324011205039,0.985422,0
1.006627,2.456650972360543,1.006627,0
1.027832,2.458012408430844,1.027832,0
1.049036,2.459408668765726,1.049036,0
1.070241,2.460840303636138,1.070241,0
1.091446,2.46230786052435,1.091446,0
1.112651,2.463811681115393,1.112651,8.117503522406303e-07
1.133856,2.465352104670047,1.133856,1.014053933823214e-06
1.15506,2.466930481388051,1.15506,1.216086153474422e-06
1.176265,2.468546941016942,1.176265,2.025483055201778e-06
1.19747,2.470201813619787,1.19747,3.238601783826297e-06
1.218675,2.471896235689268,1.218675,3.843203392941373e-06
1.23988,2.473630732350685,1.23988,5.457564794714117e-06
1.261085,2.475405825325587,1.261085,7.473522042619704e-06
1.282289,2.477222436537037,1.282289,9.082753194926344e-06
1.303494,2.479081684841912,1.303494,1.089112963283489e-05
1.324699,2.480984078992939,1.324699,1.47119041629706e-05
1.345904,2.482929922559884,1.345904,1.85264995125494e-05
1.367109,2.484920723181897,1.367109,2.233471654940092e-05
1.388314,2.486957579194908,1.388314,2.673949911985541e-05
1.409518,2.489041381944671,1.409518,3.21408878857195e-05
1.430723,2.491173418595367,1.430723,3.893747391327452e-05
1.451928,2.493353966495679,1.451928,4.732581157172996e-05
1.473133,2.495584501308186,1.473133,5.629943603446401e-05
1.494338,2.497866890857705,1.494338,6.665687455540438e-05
1.515542,2.500201793135699,1.515542,7.999354314083757e-05
1.536747,2.502590259896862,1.536747,9.450208601457065e-05
1.557952,2.50503453317605,1.557952,0.000111375710116964
1.579157,2.507535247504459,1.579157,0.000132201531495884
1.600362,2.51009382779344,1.600362,0.0001559702652008661
1.621567,2.512712485217666,1.621567,0.0001826711184428404
1.642771,2.515392622633976,1.642771,0.0002144794395695835
1.663976,2.518136029445476,1.663976,0.0002505821737275067
1.685181,2.520944086237037,1.685181,0.0002931441454947502
1.706386,2.523818756669806,1.706386,0.0003413478078500194
1.727591,2.526762386510489,1.727591,0.0003973464245629145
1.748795,2.529776316752701,1.748795,0.0004613056072475202
1.77,2.532863060914714,1.77,0.0005341781089070722
1.791205,2.536024917376016,1.791205,0.000617698978139707
1.81241,2.539263576160334,1.81241,0.0007135927191693733
1.833615,2.542581498463609,1.833615,0.0008223925177082883
1.85482,2.545980929875383,1.85482,0.0009461971893551898
1.876024,2.549464293095141,1.876024,0.001087091122439412
1.897229,2.553033793829962,1.897229,0.001245968622776429
1.918434,2.556692205497378,1.918434,0.001426061374208598
1.939639,2.560442081690525,1.939639,0.001629015563299175
1.960844,2.564285563850452,1.960844,0.001858217379208353
1.982049,2.568225355382776,1.982049,0.00211566324918172
2.003253,2.572263747236017,2.003253,0.002405274345077614
2.024458,2.576403199907011,2.024458,0.002729192387377016
2.045663,2.58064653883585,2.045663,0.003091667099671527
2.066868,2.584995788329371,2.066868,0.00349652407203394
2.088073,2.589453722922456,2.088073,0.00394755075540159
2.109277,2.594022320200668,2.109277,0.004449460557882608
2.130482,2.598703154025337,2.130482,0.005008267288951426
2.151687,2.603498349333147,2.151687,0.00562627589287771
2.172892,2.608409825119645,2.172892,0.006309974698567563
2.194097,2.613439480818817,2.194097,0.007065401795420464
2.215302,2.618588240774946,2.215302,0.00789776707844669
2.236506,2.623857594966406,2.236506,0.008813549959557195
2.257711,2.629247880261798,2.257711,0.009819157864046415
2.278916,2.634760005615763,2.278916,0.01092186762311003
2.300121,2.640394114022015,2.300121,0.01212754559251113
2.321326,2.646150174841265,2.321326,0.01344424830390969
2.342531,2.652027414433127,2.342531,0.014879748144849
2.363735,2.658024891523458,2.363735,0.01644153150685959
2.38494,2.664140946811449,2.38494,0.01813792924801284
2.406145,2.670373764527503,2.406145,0.01997604257074426
2.42735,2.676720854372471,2.42735,0.02196661631860177
2.448555,2.683178252751187,2.448555,0.02411505830209192
2.469759,2.689743591072669,2.469759,0.02643077215090549
2.490964,2.696412342731223,2.490964,0.02892269063010062
2.512169,2.703180063374817,2.512169,0.03159833899239454
2.533374,2.710040254068681,2.533374,0.03446996769134801
2.554579,2.716986432523586,2.554579,0.03754030523636581
2.575784,2.72401307559704,2.575784,0.04081955442729624
2.596988,2.731113114220378,2.596988,0.04431526448678386
2.618193,2.738278016398203,2.618193,0.04803639338748274
2.639398,2.745499187683334,2.639398,0.05198835994573346
2.660603,2.752767536784356,2.660603,0.05617928064519846
2.681808,2.760073213055444,2.681808,0.06061469645393761
2.703013,2.767406046491615,2.703013,0.06530104255177921
2.724217,2.774754781830991,2.724217,0.07024314410637233
2.745422,2.782108202098255,2.745422,0.07544566377457776
2.766627,2.78945475795709,2.766627,0.08091258671830803
2.787832,2.796781693738693,2.787832,0.08664780684975468
2.809037,2.804076277746204,2.809037,0.0926540415686635
2.830241,2.811325215693901,2.830241,0.09893163496253536
2.851446,2.818515480878093,2.851446,0.1054823015935242
2.872651,2.825633329190564,2.872651,0.1123063267699015
2.893856,2.832664759644853,2.893856,0.1194011747589945
2.915061,2.839596905949171,2.915061,0.1267658797788686
2.936266,2.84641560021706,2.936266,0.1343978019129841
2.95747,2.853106603000978,2.95747,0.1422929657002588
2.978675,2.859656963938018,2.978675,0.1504458420801429
2.99988,2.866052993909001,2.99988,0.1588513893384259
3.021085,2.872281189196502,3.021085,0.1675029247866182
3.04229,2.878329037818883,3.04229,0.1763917513700001
3.063495,2.884184234854315,3.063495,0.1855093005274076
3.084699,2.889835000323459,3.084699,0.1948469376061177
3.105904,2.895269655547994,3.105904,0.2043927061736824
3.127109,2.900478280132058,3.127109,0.2141360630949878
3.148314,2.905450554908669,3.148314,0.2240645599355119
3.169519,2.910177106435558,3.169519,0.2341661607099479
3.190723,2.914649699989451,3.190723,0.2444255994133972
3.211928,2.918861168749094,3.211928,0.2548303797260658
3.233133,2.9228046818708,3.233133,0.2653642936905234
3.254338,2.926475053795613,3.254338,0.2760131165144774
3.275543,2.929867477387378,3.275543,0.2867602396642172
3.296748,2.932979025617497,3.296748,0.2975902631339953
3.317952,2.935807089482862,3.317952,0.3084870607624055
3.339157,2.938350250521097,3.339157,0.3194341790375547
3.360362,2.940608745459536,3.360362,0.3304145787841499
3.381567,2.942583855719593,3.381567,0.3414128702049586
3.402772,2.944277568124571,3.402772,0.352412255975215
3.423977,2.945693564501078,3.423977,0.3633972701370609
3.445181,2.946835733292826,3.445181,0.3743525597768296
3.466386,2.947709718071764,3.466386,0.3852630036932124
3.487591,2.948321852653716,3.487591,0.3961133005030736
3.508796,2.94867981593842,3.508796,0.406890227116153
3.530001,2.948792248671396,3.530001,0.417579604176862
3.551205,2.948668301165881,3.551205,0.4281702351874588
3.57241,2.948318072848914,3.57241,0.4386495853041817
3.593615,2.947752605275554,3.593615,0.4490071512891681
3.61482,2.946983135484774,3.61482,0.4592337104695969
3.636025,2.94602174580459,3.636025,0.4693198554861279
3.65723,2.944881586790893,3.65723,0.4792573006434491
3.678434,2.943576300346134,3.678434,0.4890403214045195
3.699639,2.942118748921731,3.699639,0.4986649503993322
3.720844,2.940522192147339,3.720844,0.5081257349426366
3.742049,2.938800532870185,3.742049,0.5174201117062235
3.763254,2.936967374536537,3.763254,0.5265456856646337
3.784459,2.935037022034247,3.784459,0.5355019334340991
3.805663,2.933022766074623,3.805663,0.5442908655416087
3.826868,2.930936870241497,3.826868,0.5529131372476381
3.848073,2.928792572674717,3.848073,0.5613705850457319
3.869278,2.926602521154312,3.869278,0.5696677249298704
3.890483,2.924378621960877,3.890483,0.5778090727755997
3.911687,2.922131876480744,3.911687,0.585801761302295
3.932892,2.919871839540717,3.932892,0.5936501994802118
3.954097,2.917608819588577,3.954097,0.6013619743058681
3.975302,2.915351659515476,3.975302,0.6089452345159104
3.996507,2.913107834700026,3.996507,0.6164083521422086
4.017712,2.910884495534719,4.017712,0.6237592054185797
4.038916,2.908687993032108,4.038916,0.6310070053566379
4.060121,2.906523291341104,4.060121,0.6381619254611784
4.081326,2.904394649638188,4.081326,0.6452327338619264
4.102531,2.902304985473904,4.102531,0.6522286628987428
4.123736,2.9002567483538,4.123736,0.6591587110641522
4.144941,2.898251798938787,4.144941,0.6660334001023662
4.166145,2.896289589724497,4.166145,0.6728598572856712
4.18735,2.894371037972925,4.18735,0.6796474861694636
4.208555,2.89249472978649,4.208555,0.6864034978368153
4.22976,2.890659312145504,4.22976,0.6931358156187819
4.250965,2.888863059793269,4.250965,0.6998519688034924
4.272169,2.887102813042124,4.272169,0.7065583154105143
4.293374,2.885375554518217,4.293374,0.7132601843726499
4.314579,2.883677947670383,4.314579,0.7199642393066955
4.335784,2.882005565396579,4.335784,0.7266726078344047
4.356989,2.880355399090447,4.356989,0.7333902270070759
4.378194,2.878723540967056,4.378194,0.7401210882807667
4.399398,2.877105281617533,4.399398,0.7468666557769893
4.420603,2.875497088619572,4.420603,0.7536302187808273
4.441808,2.873894720337128,4.441808,0.7604116408772426
4.463013,2.872294813257463,4.463013,0.7672121572718488
4.484218,2.870694060563294,4.484218,0.7740331965448076
4.505422,2.869089068668959,4.505422,0.780873282905565
4.526627,2.867477614665527,4.526627,0.787732740596643
4.547832,2.865856931308337,4.547832,0.7946111946908603
4.569037,2.864225363166907,4.569037,0.8015072869341889
4.590242,2.862581214416937,4.590242,0.8084214304017086
4.611447,2.860922912193699,4.611447,0.8153501760071425
4.632651,2.859250729511337,4.632651,0.8222947976310652
4.653856,2.857563343506661,4.653856,0.8292528336719535
4.675061,2.855861662312143,4.675061,0.8362241531218042
4.696266,2.854145966291597,4.696266,0.843208276108932
4.717471,2.85241690107918,4.717471,0.8502047856617578
4.738676,2.850675751445368,4.738676,0.8572130656252337
4.75988,2.848924044788842,4.75988,0.8642350449825663
4.781085,2.847163107217291,4.781085,0.8712707725496249
4.80229,2.845394599583587,4.80229,0.8783219383229816
4.823495,2.84361998832557,4.823495,0.8853901049846411
4.8447,2.841841056361004,4.8447,0.8924777810226033
4.865904,2.840059450478372,4.865904,0.8995875067226718
4.887109,2.838276713104142,4.887109,0.9067236073629343
4.908314,2.836493806105395,4.908314,0.9138890042419086
4.929519,2.834711536666533,4.929519,0.9210898414977429
4.950724,2.832929728870895,4.950724,0.9283290627361174
4.971929,2.831148761049912,4.971929,0.9356122632770767
4.993133,2.829368220684591,4.993133,0.9429456655713999
5.014338,2.827586592341874,5.014338,0.9503346448443993
5.035543,2.82580210456437,5.035543,0.9577852233984516
5.056748,2.824012476745063,5.056748,0.9653043399942779
5.077953,2.822214223435953,5.077953,0.9728977967721986
5.099158,2.820403344062421,5.099158,0.9805712739003161
5.120362,2.818575411916329,5.120362,0.988332612362509
5.141567,2.816723987334869,5.141567,0.9961872418514709
5.162772,2.814842840913136,5.162772,1.004139541617565
5.183977,2.812925474500322,5.183977,1.012195497467195
5.205182,2.810963590186711,5.205182,1.020359890114936
5.226386,2.808948820371834,5.226386,1.028636221153192
5.247591,2.806872499688409,5.247591,1.03703000414986
5.268796,2.804723558355317,5.268796,1.045542078920457
5.290001,2.802492588485921,5.290001,1.054174420349173
5.311206,2.800168671395211,5.311206,1.062929719343296
5.332411,2.797740066667288,5.332411,1.071807576309984
5.353615,2.795194982457052,5.353615,1.080806175941402
5.37482,2.792521710038924,5.37482,1.08992545664312
5.396025,2.789707321929233,5.396025,1.099160107548294
5.41723,2.78674057222514,5.41723,1.108507562845513
5.438435,2.78360892121887,5.438435,1.117960923417845
5.45964,2.780300809059454,5.45964,1.127515227771516
5.480844,2.776803903984059,5.480844,1.13716222289571
5.502049,2.773107516609455,5.502049,1.146893324889398
5.523254,2.769199878416112,5.523254,1.156698736326711
5.544459,2.765070712573555,5.544459,1.166567634358173
5.565664,2.760710025754832,5.565664,1.176486653686835
5.586868,2.756109567727354,5.586868,1.186444667617612
5.608073,2.751260023510189,5.608073,1.196425809218977
5.629278,2.746154931528269,5.629278,1.206415727664816
5.650483,2.740788283388697,5.650483,1.216398953617093
5.671688,2.735154818716465,5.671688,1.226360013351667
5.692893,2.729249454240612,5.692893,1.236280543999895
5.714097,2.723070600891361,5.714097,1.246143048545725
5.735302,2.716616448041968,5.735302,1.255930701023014
5.756507,2.709886272722109,5.756507,1.265623408083039
5.777712,2.702882189237146,5.777712,1.275203563708707
5.798917,2.695606924580188,5.798917,1.284653919094422
5.820122,2.688062968754355,5.820122,1.293954993030467
5.841326,2.680256047673356,5.841326,1.303086137248647
5.862531,2.6721941059732,5.862531,1.312030998108624
5.883736,2.663885247746874,5.883736,1.320772733350983
5.904941,2.6553377387716,5.904941,1.329291731315844
5.926146,2.646563916048816,5.926146,1.337571890304086
5.94735,2.637575962434298,5.94735,1.3455965062422
5.968555,2.628388282226979,5.968555,1.353350273265606
5.98976,2.61901614665217,5.98976,1.36082055261698
6.010965,2.609475141307222,6.010965,1.367992146578461
6.03217,2.599783113712312,6.03217,1.374853533414991
6.053375,2.589959052669369,6.053375,1.381393461148566
6.074579,2.580022192050566,6.074579,1.387602793119632
6.095784,2.56999351527335,6.095784,1.393471804001456
6.116989,2.559894917441763,6.116989,1.398995707049945
6.138194,2.549748309484138,6.138194,1.404168594477608
6.159399,2.539576389015381,6.159399,1.408986953681403
6.180604,2.52940268976037,6.180604,1.413449315315904
6.201808,2.519250857742654,6.201808,1.417554543655057
6.223013,2.509145818430509,6.223013,1.42130599736556
6.244218,2.499111178014505,6.244218,1.424706524192632
6.265423,2.489171374506067,6.265423,1.427762281215057
6.286628,2.479350536370115,6.286628,1.430481066704057
6.307832,2.469671579649786,6.307832,1.432871491561567
6.329037,2.460158231529636,6.329037,1.434944083984817
6.350242,2.450834336039146,6.350242,1.436713591050227
6.371447,2.441720833588483,6.371447,1.438194920440214
6.392652,2.432838765750448,6.392652,1.439403855816068
6.413857,2.424208367611699,6.413857,1.440360097197426
6.435061,2.415847859118915,6.435061,1.441082883948543
6.456266,2.407775185434477,6.456266,1.441594722380055
6.477471,2.400005770063434,6.477471,1.441918408349715
6.498676,2.392554266962386,6.498676,1.442078680363843
6.519881,2.385432527318171,6.519881,1.442101363423374
6.541086,2.378651268091536,6.541086,1.442013819348993
6.56229,2.372218757330397,6.56229,1.44184320667338
6.583495,2.366141666646883,6.583495,1.441618668942133
6.6047,2.360423527395555,6.6047,1.441368873218259
6.625905,2.355066389107564,6.625905,1.441123067993896
6.64711,2.350070252006206,6.64711,1.440910541763267
6.668314,2.345432993775833,6.668314,1.440762967421175
6.689519,2.34114838296851,6.689519,1.440708766918585
6.710724,2.337209194770024,6.710724,1.440776464312748
6.731929,2.333606214522081,6.731929,1.440995476903407
6.753134,2.330326780390345,6.753134,1.441392695764909
6.774339,2.327357276292021,6.774339,1.44199476126282
6.795543,2.32468150076552,6.795543,1.442827113690837
6.816748,2.322281507373734,6.816748,1.443914955767832
6.837953,2.320136372624242,6.837953,1.445279484243091
6.859158,2.318224434531924,6.859158,1.446941439333624
6.880363,2.316522996259142,6.880363,1.448920215953049
6.901568,2.315006823608074,6.901568,1.451232439463762
6.922772,2.31365075638986,6.922772,1.453894020396043
6.943977,2.312426396786321,6.943977,1.456916209174078
6.965182,2.311307718877393,6.965182,1.460311395333961
6.986387,2.310265051579429,6.986387,1.464087636908837
7.007592,2.309269199966215,7.007592,1.468251081359248
7.028796,2.30829135379174,7.028796,1.472806495772512
7.050001,2.30730051664069,7.050001,1.477752237044626
7.071206,2.306270869819032,7.071206,1.483092486993253
7.092411,2.305170511169629,7.092411,1.488823053813329
7.113616,2.30397105433516,7.113616,1.494940005222373
7.134821,2.302643135916372,7.134821,1.501434784258972
7.156025,2.301160455716448,7.156025,1.508300514802381
7.17723,2.299495636100201,7.17723,1.515525380996263
7.198435,2.297623211428546,7.198435,1.523098296793487
7.21964,2.295517302379161,7.21964,1.531004142882083
7.240845,2.293155675424133,7.240845,1.539228687274867
7.26205,2.290514826135747,7.26205,1.547754880059395
7.283254,2.287572981451355,7.283254,1.556563890582793
7.304459,2.284310902527507,7.304459,1.565636707351369
7.325664,2.280709898632647,7.325664,1.574951949019696
7.346869,2.276753715299463,7.346869,1.584489343646686
7.368074,2.272426230136707,7.368074,1.594226449226498
7.389278,2.267713605078265,7.389278,1.604139954822228
7.410483,2.262603571091444,7.410483,1.614207210960152
7.431688,2.257084801451985,7.431688,1.624403521587399
7.452893,2.251147908712984,7.452893,1.634704226122525
7.474098,2.244785468589653,7.474098,1.64508504339176
7.495303,2.237990913271723,7.495303,1.655521467057072
7.516507,2.23075939007315,7.516507,1.665987832008244
7.537712,2.22308745338737,7.537712,1.676459013936322
7.558917,2.214974488088061,7.558917,1.686911077348467
7.580122,2.20641924073156,7.580122,1.697319317591841
7.601327,2.197422771493751,7.601327,1.707658875970045
7.622531,2.187988442175882,7.622531,1.717906698018039
7.643736,2.178119122468921,7.643736,1.728039325844404
7.664941,2.16781972444703,7.664941,1.73803289891233
7.686146,2.157097343914868,7.686146,1.747865255425765
7.707351,2.145959419133104,7.707351,1.757515527261734
7.728556,2.13441414536579,7.728556,1.766961443817486
7.74976,2.122472096637354,7.74976,1.776183774558298
7.770965,2.110143428638538,7.770965,1.785162538657588
7.79217,2.097440477747941,7.79217,1.793879750065625
7.813375,2.08437529683574,7.813375,1.802317224591464
7.83458,2.070961511479778,7.83458,1.810457837683774
7.855785,2.057213700085922,7.855785,1.818286063253307
7.876989,2.04314724117951,7.876989,1.825787405241761
7.898194,2.028777381703768,7.898194,1.832947534577244
7.919399,2.014120592326706,7.919399,1.839754538093189
7.940604,1.999193003704075,7.940604,1.846195186338465
7.961809,1.984012462198943,7.961809,1.852259282649357
7.983013,1.968596787481621,7.983013,1.857936842759451
8.004218,1.95296442576923,8.004218,1.86321980676466
8.025423,1.937133646368123,8.025423,1.868100844143982
8.046628,1.921122595411325,8.046628,1.872573103139086
8.067833,1.904949731233365,8.067833,1.876630884997385
8.089038,1.888634554433465,8.089038,1.880270321044315
8.110242,1.872195705607872,8.110242,1.883488189529352
8.131447,1.855651261249539,8.131447,1.886281422104614
8.152652,1.839021335192653,8.152652,1.888649377543054
8.173857,1.822323880685139,8.173857,1.890592850434843
8.195062,1.805576270067862,8.195062,1.892111430923711
8.216267,1.788796019975547,8.216267,1.893205799980646
8.237470999999999,1.772002383677927,8.237470999999999,1.89387894221364
8.258675999999999,1.755212430734687,8.258675999999999,1.894134545644941
8.279881,1.738443078493812,8.279881,1.893976593615412
8.301086,1.721710322690815,8.301086,1.893410265964593
8.322291,1.705029579852611,8.322291,1.892440188796563
8.343495000000001,1.688417631855329,8.343495000000001,1.891073002176267
8.364699999999999,1.671889157340231,8.364699999999999,1.889316636890658
8.385904999999999,1.655457375072888,8.385904999999999,1.887177554095856
8.407109999999999,1.639135758671413,8.407109999999999,1.88466390514471
8.428315,1.622937325490941,8.428315,1.881783080610432
8.44952,1.606875731774632,8.44952,1.878545079939862
8.470724000000001,1.590961752379663,8.470724000000001,1.874959278900469
8.491929000000001,1.575205804469792,8.491929000000001,1.871034560459887
8.513134000000001,1.559619210600134,8.513134000000001,1.866780673264266
8.534338999999999,1.54421116448257,8.534338999999999,1.862208398786938
8.555543999999999,1.528990267935948,8.555543999999999,1.85732771460581
8.576749,1.513964386930871,8.576749,1.852148256726488
8.597953,1.499142114214616,8.597953,1.846680827488029
8.619158000000001,1.48452990036762,8.619158000000001,1.840935638496223
8.640363000000001,1.470134459167895,8.640363000000001,1.834924338503602
8.661568000000001,1.455960101060203,8.661568000000001,1.828655193271612
8.682772999999999,1.442014348340892,8.682772999999999,1.822140329618168
8.703977,1.428299703399559,8.703977,1.815388950812269
8.725182,1.414821487503205,8.725182,1.808412243240125
8.746387,1.401582483479763,8.746387,1.801219713970869
8.767592,1.388585492482627,8.767592,1.793820411839831
8.788797000000001,1.375833477238403,8.788797000000001,1.786224162049634
8.810002000000001,1.363328990810338,8.810002000000001,1.77844087255774
8.831206,1.351073005060176,8.831206,1.770477976423975
8.852411,1.339069527448386,8.852411,1.762346503767305
8.873616,1.327317338863903,8.873616,1.754054536794325
8.894821,1.315817466707,8.894821,1.745609522685766
8.916026,1.304571856703823,8.916026,1.737020071646744
8.937231000000001,1.29358061979023,8.937231000000001,1.728293904374159
8.958435,1.282844944438036,8.958435,1.719440069170841
8.97964,1.272364066082147,8.97964,1.71046523398083
9.000845,1.262137739627823,9.000845,1.70137611179681
9.02205,1.252167351270978,9.02205,1.692181159211087
9.043255,1.24245169029632,9.043255,1.682887162800935
9.064458999999999,1.232990465468193,9.064458999999999,1.673500369864157
9.085664,1.223783904764525,9.085664,1.664028258642475
9.106869,1.214830636389913,9.106869,1.654475891366061
9.128074,1.206132984863709,9.128074,1.644852205268376
9.149279,1.19768772505172,9.149279,1.635162036845146
9.170484,1.189496196067841,9.170484,1.625412932291319
9.191687999999999,1.181556704552075,9.191687999999999,1.615611415555102
9.212892999999999,1.173868594916636,9.212892999999999,1.605763207366377
9.234097999999999,1.166431284888899,9.234097999999999,1.595874977047879
9.255303,1.159244862175715,9.255303,1.585953546129518
9.276508,1.152306654487408,9.276508,1.576004957471887
9.297713,1.145616874248244,9.297713,1.566035766693186
9.318917000000001,1.139174128979829,9.318917000000001,1.556052279371407
9.340121999999999,1.13297725915129,9.340121999999999,1.546061923001136
9.361326999999999,1.127023784871368,9.361326999999999,1.536070509991577
9.382531999999999,1.121312530759105,9.382531999999999,1.526084791758763
9.403737,1.11584146154107,9.403737,1.516110539272817
9.424941,1.110609069154009,9.424941,1.506155537946574
9.446146000000001,1.105611328805341,9.446146000000001,1.496224719212563
9.467351000000001,1.100848265018647,9.467351000000001,1.486325638140769
9.488556000000001,1.096316206054504,9.488556000000001,1.47646544953065
9.509760999999999,1.092010623068734,9.509760999999999,1.466649651721557
9.530965999999999,1.087929255316438,9.530965999999999,1.456884712176423
9.55217,1.08406812825313,9.55217,1.447177496609951
9.573375,1.080422726140591,9.573375,1.437532701249285
9.594580000000001,1.076989772419365,9.594580000000001,1.427956921582691
9.615785000000001,1.07376539997064,9.615785000000001,1.418456955347644
9.636990000000001,1.070742100100769,9.636990000000001,1.409036779125444
9.658194999999999,1.067916913871133,9.658194999999999,1.399701587815076
9.679399,1.065285712173259,9.679399,1.390458431079652
9.700604,1.062841083837324,9.700604,1.381311394831917
9.721809,1.060577482262935,9.721809,1.372265133231617
9.743014000000001,1.058489186801199,9.743014000000001,1.363324744356628
9.764219000000001,1.056568158785657,9.764219000000001,1.354491887816133
9.785423,1.054810774856819,9.785423,1.345772183823861
9.806628,1.053208525114703,9.806628,1.337168724347937
9.827833,1.051754164280435,9.827833,1.328683115750793
9.849038,1.050441866168166,9.849038,1.320318186725783
9.870243,1.049265665647952,9.870243,1.312077146019867
9.891448,1.048216012994323,9.891448,1.30395928230053
9.912652,1.047289416127395,9.912652,1.295968410545743
9.933857,1.046476440801358,9.933857,1.288104010222885
9.955062,1.045771407866736,9.955062,1.280368242933093
9.976267,1.045165466721858,9.976267,1.272758756728045
9.997472,1.044653856785675,9.997472,1.265276523332819
10.018677,1.044228690714014,10.018677,1.257920330748456
10.039881,1.043884079742051,10.039881,1.250688199328237
10.061086,1.04361436592652,10.061086,1.243579086656017
10.082291,1.043414790090952,10.082291,1.23659307137819
10.103496,1.043276423849726,10.103496,1.229725862361475
10.124701,1.04319674484588,10.124701,1.222976879772075
10.145905,1.04316829063393,10.145905,1.216342091101067
10.16711,1.043187237952638,10.16711,1.209819248246305
10.188315,1.043247571178083,10.188315,1.203403712296488
10.20952,1.043347224962044,10.20952,1.197093326284964
10.230725,1.04348202437072,10.230725,1.190884434017347
10.25193,1.043647576622463,10.25193,1.184773507548991
10.273134,1.043841509337915,10.273134,1.178757013390316
10.294339,1.044060114944455,10.294339,1.17283141312715
10.315544,1.044300487386448,10.315544,1.166991220170731
10.336749,1.044562344406826,10.336749,1.161232746417652
10.357954,1.044844173649994,10.357954,1.155554129935218
10.379158,1.045143906564506,10.379158,1.149951210021068
10.400363,1.045459696721655,10.400363,1.144419056757329
10.421568,1.045792610708864,10.421568,1.138955743044154
10.442773,1.04614068806516,10.442773,1.133557382414073
10.463978,1.046504100968832,10.463978,1.128221092403693
10.485183,1.046882800441821,10.485183,1.122943274551707
10.506387,1.0472767603905,10.506387,1.117719827530146
10.527592,1.04768864531438,10.527592,1.112549997762204
10.548797,1.048117116512846,10.548797,1.107429677192734
10.570002,1.048565163226117,10.570002,1.102359243409976
10.591207,1.049032205522919,10.591207,1.097334756682882
10.612412,1.049520096915153,10.612412,1.092355452144032
10.633616,1.050029516293406,10.633616,1.087418955641
10.654821,1.050564263779067,10.654821,1.082525876055465
10.676026,1.05112273028656,10.676026,1.077674345117797
10.697231,1.051708031615727,10.697231,1.072863823495334
10.718436,1.052321436716273,10.718436,1.068095223363817
10.73964,1.052963256779352,10.73964,1.063367114465828
10.760845,1.053635479898946,10.760845,1.058680180461447
10.78205,1.054338677257072,10.78205,1.054034177036111
10.803255,1.055074607708878,10.803255,1.049430525490869
10.82446,1.055844076127186,10.82446,1.044870189589535
10.845665,1.056648113161032,10.845665,1.040354860154347
10.866869,1.057485367679041,10.866869,1.035884309590254
10.888074,1.058356852348673,10.888074,1.031459755353252
10.909279,1.059263799580792,10.909279,1.027083150043041
10.930484,1.060204555566933,10.930484,1.022755933566204
10.951689,1.061180076952495,10.951689,1.018479825878207
10.972894,1.062187947465897,10.972894,1.014256001087406
10.994098,1.063228144335415,10.994098,1.010085187945516
11.015303,1.064299367180937,11.015303,1.005970249551021
11.036508,1.06539989795245,11.036508,1.001910645994487
11.057713,1.066528416894456,11.057713,0.9979082443007449
11.078918,1.067683594855269,11.078918,0.9939644152197148
11.100122,1.068862412158815,11.100122,0.9900797221062356
11.121327,1.070063731520707,11.121327,0.9862557424502126
11.142532,1.071283563503934,11.142532,0.982491971180267
11.163737,1.072519853235048,11.163737,0.9787879420913038
11.184942,1.073770728564913,11.184942,0.9751443880384195
11.206147,1.075032892192079,11.206147,0.9715609704464593
11.227351,1.076303322741052,11.227351,0.9680365915312439
11.248556,1.077580208396631,11.248556,0.9645704253853761
11.269761,1.07886050699923,11.269761,0.961161793644876
11.290966,1.080140516219489,11.290966,0.9578087151299597
11.312171,1.081418700028904,11.312171,0.9545100338771748
11.333376,1.082691274535545,11.333376,0.9512614761228388
11.35458,1.083957621782379,11.35458,0.9480633553830198
11.375785,1.085214943627928,11.375785,0.9449118868303893
11.39699,1.086460857155224,11.39699,0.9418047537204641
11.418195,1.087693368687864,11.418195,0.938737910328305
11.4394,1.088911388576262,11.4394,0.9357088287341762
11.460604,1.090113699233323,11.460604,0.9327137166656013
11.481809,1.091299341200638,11.481809,0.9297490264070978
11.503014,1.092467836425367,11.503014,0.9268117250142681
11.524219,1.093618631880076,11.524219,0.923897024562396
11.545424,1.094751664358911,11.545424,0.9210006550576416
11.566629,1.095868478993423,11.566629,0.9181202117649726
11.587833,1.096968359002617,11.587833,0.915251102513892
11.609038,1.098053582640801,11.609038,0.9123889906998545
11.630243,1.099124942866668,11.630243,0.9095299005704298
11.651448,1.100185863279983,11.651448,0.9066713482630413
11.672653,1.101237250458756,11.672653,0.9038088745957079
11.693858,1.102282321754765,11.693858,0.9009402404449898
11.715062,1.103324201135334,11.715062,0.8980619649060539
11.736267,1.104365451496666,11.736267,0.8951715201342338
11.757472,1.105409485453817,11.757472,0.8922657286544585
11.778677,1.1064604676878,11.778677,0.889341760267618
11.799882,1.107523315001994,11.799882,0.8863993982810491
11.821086,1.108601258258961,11.821086,0.883435764395664
11.842291,1.109699317937906,11.842291,0.8804502122390874
11.863496,1.11082219992375,11.863496,0.8774428527507869
11.884701,1.11197402725445,11.884701,0.8744125097964233
11.905906,1.113159878250817,11.905906,0.8713586601092428
11.927111,1.114384603917862,11.927111,0.8682828142081181
11.948315,1.115653614662982,11.948315,0.8651861001602934
11.96952,1.116970183546471,11.96952,0.8620686694990357
11.990725,1.118340161211928,11.990725,0.8589323117565909
12.01193,1.119768978925458,12.01193,0.8557800921754158
12.033135,1.121260555694105,12.033135,0.8526149387358012
12.05434,1.122819069374549,12.05434,0.8494396167775126
12.075544,1.124448673148172,12.075544,0.8462569459358578
12.096749,1.126152993254172,12.096749,0.8430715059918287
12.117954,1.127935964494494,12.117954,0.8398872186193367
12.139159,1.129800692949952,12.139159,0.8367081963206722
12.160364,1.131750233222343,12.160364,0.8335385956263978
12.181568,1.133788272226006,12.181568,0.8303847579509344
12.202773,1.135915379868603,12.202773,0.8272513222848502
12.223978,1.138134881340717,12.223978,0.8241444097513783
12.245183,1.140446701694398,12.245183,0.821068620400044
12.266388,1.142852641397218,12.266388,0.8180306595407026
12.287593,1.145353167495397,12.287593,0.8150355073809598
12.308797,1.147948704868643,12.308797,0.8120894218062413
12.330002,1.150638304478852,12.330002,0.8091986824840777
12.351207,1.153421392511446,12.351207,0.8063683455487589
12.372412,1.156297253193783,12.372412,0.8036052126159254
12.393617,1.159262988451499,12.393617,0.8009148995951449
12.414822,1.16231708602544,12.414822,0.7983019531898127
12.436026,1.165457290217997,12.436026,0.7957717608223328
12.457231,1.168680993312902,12.457231,0.7933311188468732
12.478436,1.171983924488657,12.478436,0.7909843988725906
12.499641,1.17536313952127,12.499641,0.7887353863909595
12.520846,1.178814482110503,12.520846,0.7865898443492989
12.54205,1.182333167900226,12.54205,0.7845500110999829
12.563255,1.185915952883461,12.563255,0.7826216501627633
12.58446,1.189557227008803,12.58446,0.7808081687129514
12.605665,1.193251199931638,12.605665,0.7791113053590573
12.62687,1.196994027051235,12.62687,0.7775343727426663
12.648075,1.200780223722675,12.648075,0.7760799866531003
12.669279,1.204603572776632,12.669279,0.7747494869609313
12.690484,1.208459428064637,12.690484,0.7735452082963932
12.711689,1.212341945270327,12.711689,0.7724681173108967
12.732894,1.216244669610418,12.732894,0.7715186947545432
12.754099,1.220163048392733,12.754099,0.770696999256547
12.775304,1.224091710013225,12.775304,0.7700035808508306
12.796508,1.228025164636674,12.796508,0.7694386297690872
12.817713,1.231957556791376,12.817713,0.7690009244047614
12.838918,1.235883298940646,12.838918,0.7686894877649972
12.860123,1.239798233669931,12.860123,0.7685028693577404
12.881328,1.243697226292861,12.881328,0.7684398419450639
12.902532,1.247575515984642,12.902532,0.7684989707763732
12.923737,1.251428178980604,12.923737,0.7686777524728485
12.944942,1.255251024233277,12.944942,0.7689740787820427
12.966147,1.259039762736542,12.966147,0.7693855497419273
12.987352,1.26279012211556,12.987352,0.7699090157366856
13.008557,1.266499188819926,13.008557,0.7705421437413603
13.029761,1.270162489948904,13.029761,0.7712812398037432
13.050966,1.273777251861284,13.050966,0.7721240103502067
13.072171,1.277340465433756,13.072171,0.7730664037678299
13.093376,1.280849018342564,13.093376,0.7741060701151423
13.114581,1.284300362213046,13.114581,0.7752376541297265
13.135786,1.287692582719919,13.135786,0.7764593921074653
13.15699,1.291023175898181,13.15699,0.7777672149854509
13.178195,1.294290593717536,13.178195,0.7791573274927808
13.1994,1.297493380873732,13.1994,0.7806267183559286
13.220605,1.300629321364277,13.220605,0.7821717404716824
13.24181,1.303697643721724,13.24181,0.7837879472443912
13.263014,1.306697598514767,13.263014,0.785472860106738
13.284219,1.309628228336631,13.284219,0.7872230284081783
13.305424,1.312488479824405,13.305424,0.7890335922327872
13.326629,1.315278603253424,13.326629,0.7909031572678646
13.347834,1.317997566073265,13.347834,0.7928269572706582
13.369039,1.320645795183248,13.369039,0.7948020611040175
13.390243,1.323223437687056,13.390243,0.7968257438388587
13.411448,1.32573058261583,13.411448,0.7988945973549374
13.432653,1.328167372830666,13.432653,0.8010059739177446
13.453858,1.330534165651191,13.453858,0.8031563770307185
13.475063,1.332832249161845,13.475063,0.8053432835790115
13.496267,1.335061799616273,13.496267,0.8075648635215876
13.517472,1.337223087775911,13.517472,0.8098170080215298
13.538677,1.33931786184546,13.538677,0.8120981067939357
13.559882,1.341347520498604,13.559882,0.8144060232757083
13.581087,1.343312677348631,13.581087,0.8167379929485021
13.602292,1.345214215316269,13.602292,0.8190929648635525
13.623496,1.347053262702418,13.623496,0.8214678889385936
13.644701,1.348831647885017,13.644701,0.8238615261900573
13.665906,1.350550086373107,13.665906,0.8262714661673884
13.687111,1.352210370885661,13.687111,0.8286964988044397
13.708316,1.353814049221095,13.708316,0.8311344535443214
13.729521,1.355363101135932,13.729521,0.8335851101842038
13.750725,1.356857967869548,13.750725,0.8360469753375576
13.77193,1.358300208354844,13.77193,0.8385186080325304
13.793135,1.359691692586705,13.793135,0.8409991075436989
13.81434,1.361034007270979,13.81434,0.8434877408404335
13.835545,1.362327536151061,13.835545,0.8459830469669117
13.856749,1.363574960982251,13.856749,0.8484843394063021
13.877954,1.364777623296234,13.877954,0.8509917514583306
13.899159,1.365936262403934,13.899159,0.8535050515082085
13.920364,1.367052496398395,13.920364,0.8560230884205665
13.941569,1.368127402992793,13.941569,0.8585450429766648
13.962774,1.369162677028008,13.962774,0.8610722595499755
13.983978,1.370159048013609,13.983978,0.8636033909460756
14.005183,1.371117234140508,14.005183,0.8661370963982068
14.026388,1.372040248180165,14.026388,0.8686756832249245
14.047593,1.372927914306634,14.047593,0.8712187198874705
14.068798,1.373780737332981,14.068798,0.8737657090245348
14.090003,1.374599875349328,14.090003,0.8763171898978074
14.111207,1.37538615147286,14.111207,0.878873179510745
14.132412,1.376139630712552,14.132412,0.8814330849347995
14.153617,1.376861713635787,14.153617,0.8839972728895007
14.174822,1.377553115801933,14.174822,0.8865661773695261
14.196027,1.378213963357784,14.196027,0.8891398814553149
14.217231,1.378844892473288,14.217231,0.8917181379223331
14.238436,1.37944618919642,14.238436,0.8943012852996046
14.259641,1.380018138724847,14.259641,0.8968896605545139
14.280846,1.380561037023636,14.280846,0.8994825050815481
14.302051,1.381075417777428,14.302051,0.9020799906821437
14.323256,1.381561139646138,14.323256,0.9046823655738705
14.34446,1.382018741474272,14.34446,0.9072887091693197
14.365665,1.382448077280614,14.365665,0.9098992726543241
14.38687,1.382849591401735,14.38687,0.9125135574006263
14.408075,1.383223305208454,14.408075,0.915130980828318
14.42928,1.383569402715672,14.42928,0.9177512147259749
14.450485,1.383888732221632,14.450485,0.9203738496773997
14.471689,1.384181218613586,14.471689,0.9229976413635037
14.492894,1.384447115243091,14.492894,0.9256229334372154
14.514099,1.384686918729987,14.514099,0.9282477378921777
14.535304,1.384901451356163,14.535304,0.930871650641702
14.556509,1.38509194469949,14.556509,0.9334943466735161
14.577713,1.385257874950645,14.577713,0.9361145122861708
14.598918,1.385400787525349,14.598918,0.9387312405986374
14.620123,1.385522048758867,14.620123,0.9413433739061261
14.641328,1.385622856084817,14.641328,0.9439505809652562
14.662533,1.38570438791932,14.662533,0.9465514516912734
14.683738,1.38576806961088,14.683738,0.949145480289015
14.704942,1.385815976848027,14.704942,0.9517320640218291
14.726147,1.385849179244444,14.726147,0.9543101946497782
14.747352,1.385870802108442,14.747352,0.9568792401012242
14.768557,1.385882324084935,14.768557,0.9594393238819533
14.789762,1.385886436395083,14.789762,0.9619897164647148
14.810967,1.38588550025651,14.810967,0.9645302586343449
14.832171,1.38588278783263,14.832171,0.9670615810850639
14.853376,1.385880328173104,14.853376,0.9695840778484307
14.874581,1.385881791113652,14.874581,0.9720984203980494
14.895786,1.385889532227308,14.895786,0.9746054563448884
14.916991,1.385907135908312,14.916991,0.9771062323829384
14.938195,1.385937627626599,14.938195,0.9796025253495645
14.9594,1.385983960806899,14.9594,0.9820965021900743
14.980605,1.38604956809887,14.980605,0.9845899680715128
15.00181,1.386137602457282,15.00181,0.9870863452332945
15.023015,1.386250436313615,15.023015,0.9895874252332069
15.04422,1.386391806180677,15.04422,0.9920968905529945
15.065424,1.386564668669034,15.065424,0.9946193143113942
15.086629,1.386770791950138,15.086629,0.9971575750131031
15.107834,1.387013829158668,15.107834,0.9997171411341258
15.129039,1.387294822500526,15.129039,1.002302810799593
15.150244,1.38761581476332,15.150244,1.004919722854156
15.171449,1.387977874352131,15.171449,1.007572617577046
15.192653,1.388382875391911,15.192653,1.010267790579068
15.213858,1.388831082729166,15.213858,1.013011241968551
15.235063,1.389322612018789,15.235063,1.015808702594494
15.256268,1.389857756611906,15.256268,1.01866755303891
15.277473,1.390435747914468,15.277473,1.02159413128623
15.298677,1.391054744690983,15.298677,1.024595189685807
15.319882,1.39171254187538,15.319882,1.027677380899877
15.341087,1.39240738223084,15.341087,1.030847378660363
15.362292,1.393135708735682,15.362292,1.034111745873951
15.383497,1.393894596084351,15.383497,1.037477298543518
15.404702,1.394679682558293,15.404702,1.040951207761872
15.425906,1.395485247138151,15.425906,1.044539168715193
15.447111,1.396306621857407,15.447111,1.048247195199131
15.468316,1.397138073346553,15.468316,1.052080698423139
15.489521,1.397972418106653,15.489521,1.056045871061935
15.510726,1.398803083535383,15.510726,1.060146719330912
15.531931,1.399622408209668,15.531931,1.064388503114643
15.553135,1.400422837898784,15.553135,1.068775058142958
15.57434,1.401195172381257,15.57434,1.073309792699452
15.595545,1.401931014011619,15.595545,1.077995625245134
15.61675,1.402620660697983,15.61675,1.082834113711258
15.637955,1.403255503679425,15.637955,1.087827196114621
15.659159,1.403825756479177,15.659159,1.092976099717799
15.680364,1.40432169261522,15.680364,1.098281118998991
15.701569,1.404732726127909,15.701569,1.103740926057717
15.722774,1.405049653596245,15.722774,1.109355456592218
15.743979,1.405261928395107,15.743979,1.115122005610478
15.765184,1.405359332581709,15.765184,1.121037846673567
15.786388,1.40533257755834,15.786388,1.127100108041326
15.807593,1.405171641141548,15.807593,1.133304610891719
15.828798,1.404867093636882,15.828798,1.139646239314525
15.850003,1.404409954513121,15.850003,1.146120116015571
15.871208,1.403790985578897,15.871208,1.152720751610107
15.892413,1.403001597328707,15.892413,1.159440590158419
15.913617,1.402033552575759,15.913617,1.166272730774497
15.934822,1.400879065044172,15.934822,1.173209765932348
15.956027,1.399531369333194,15.956027,1.180243641689141
15.977232,1.397983359361466,15.977232,1.187365349440335
15.998437,1.396229154395466,15.998437,1.194566804989942
16.019641,1.394262375120286,16.019641,1.201837996851515
16.040846,1.392078411186065,16.040846,1.20916967497962
16.062051,1.389672216272501,16.062051,1.216551630092091
16.083256,1.387040700283323,16.083256,1.223973816812456
16.104461,1.384180193927276,16.104461,1.231426737268828
16.125666,1.381087697073682,16.125666,1.238899603280381
16.14687,1.377761338770943,16.14687,1.246381685765601
16.168075,1.37419976316965,16.168075,1.253862827065035
16.18928,1.370401961655402,16.18928,1.261332841286936
16.210485,1.366367274505003,16.210485,1.268781119357563
16.23169,1.362096494001676,16.23169,1.276197029839695
16.252894,1.357590497519007,16.252894,1.283570784551403
16.274099,1.352850664227512,16.274099,1.290892295933638
16.295304,1.347879209794672,16.295304,1.298152673685461
16.316509,1.342677733577454,16.316509,1.305341524753078
16.337714,1.337249604765893,16.337714,1.312450191605967
16.358919,1.331597932068684,16.358919,1.319469231429667
16.380123,1.325726110550921,16.380123,1.326389731638659
16.401328,1.31963915539188,16.401328,1.333203848045525
16.422533,1.313341069659821,16.422533,1.339902893964784
16.443738,1.306836559175229,16.443738,1.346479777938366
16.464943,1.300131213481298,16.464943,1.35292652138553
16.486148,1.293230239286762,16.486148,1.359237084472645
16.507352,1.28613935960388,16.507352,1.365404135163754
16.528557,1.278863943601519,16.528557,1.371421884849454
16.549762,1.271410271880592,16.549762,1.377283587153887
16.570967,1.263784902030765,16.570967,1.382984554722471
16.592172,1.255993804211273,16.592172,1.388518792172834
16.613376,1.248043632399683,16.613376,1.393881956398531
16.634581,1.239941107547965,16.634581,1.399069673099691
16.655786,1.231692824078326,16.655786,1.404077352885531
16.676991,1.223305129845137,16.676991,1.408901146534215
16.698196,1.21478525837593,16.698196,1.413537485872757
16.719401,1.206139251818119,16.719401,1.417983037548888
16.740605,1.197374621152046,16.740605,1.422234503652265
16.76181,1.188498192802875,16.76181,1.426289926451035
16.783015,1.179516479723355,16.783015,1.43014619040816
16.80422,1.170435850482899,16.80422,1.433800920663544
16.825425,1.161263656471607,16.825425,1.437251988985163
16.84663,1.152006349892669,16.84663,1.44049770225191
16.867834,1.142670977200323,16.867834,1.443536269768079
16.889039,1.133264090795799,16.889039,1.446366308888322
16.910244,1.123792479641453,16.910244,1.448986382716789
16.931449,1.114263279116117,16.931449,1.451395761047483
16.952654,1.104682421780939,16.952654,1.45359287731875
16.973858,1.095057078565662,16.973858,1.455577550430331
16.995063,1.085393780054111,16.995063,1.457348502514122
17.016268,1.075700177361019,17.016268,1.458906053032384
17.037473,1.065981914865735,17.037473,1.460249445410207
17.058678,1.056246281820101,17.058678,1.46137887211318
17.079883,1.046499840531759,17.079883,1.462294059426146
17.101087,1.036749616370539,17.101087,1.462995477451813
17.122292,1.027002762994017,17.122292,1.463483404483066
17.143497,1.017265625568094,17.143497,1.463758297316345
17.164702,1.007546303612562,17.164702,1.463821558088054
17.185907,0.9978508045408234,17.185907,1.463674221991618
17.207112,0.9881863056881683,17.207112,1.463317181867838
17.228316,0.9785600710177433,17.228316,1.462751794594781
17.249521,0.9689798660831345,17.249521,1.461980841486813
17.270726,0.9594524781798219,17.270726,1.4610061799614
17.291931,0.9499839358046576,17.291931,1.459829948414166
17.313136,0.9405822223213703,17.313136,1.458454633146677
17.33434,0.9312546816793095,17.33434,1.456883414055371
17.355545,0.9220078442284881,17.355545,1.455119398818827
17.37675,0.9128491390008924,17.37675,1.453166731856558
17.397955,0.9037852554847716,17.397955,1.451028872225385
17.41916,0.8948232482848004,17.41916,1.448710683908613
17.440365,0.8859694270526342,17.440365,1.446216382728384
17.461569,0.8772303851721645,17.461569,1.44355122828021
17.482774,0.8686126184154286,17.482774,1.440719917565696
17.503979,0.860122718696505,17.503979,1.437729143899457
17.525184,0.8517657965023855,17.525184,1.434583902074515
17.546389,0.8435482364435719,17.546389,1.431291594053099
17.567594,0.8354750222802377,17.567594,1.427858365824203
17.588798,0.8275512130289387,17.588798,1.424290704240419
17.610003,0.8197818623147433,17.610003,1.420596811829532
17.631208,0.8121715084675581,17.631208,1.416783878778435
17.652413,0.8047233419877041,17.652413,1.412860098219162
17.673618,0.7974416257580412,17.673618,1.408832902260459
17.694822,0.790328674014415,17.694822,1.404711149300589
17.716027,0.7833875792244052,17.716027,1.400502802311753
17.737232,0.7766207172684465,17.737232,1.39621693819068
17.758437,0.7700291202479478,17.758437,1.391861647589238
17.779642,0.7636143332279451,17.779642,1.387445800711206
17.800847,0.7573767287495587,17.800847,1.38297885350839
17.822051,0.7513162637155928,17.822051,1.378468762113802
17.843256,0.7454326304998893,17.843256,1.373924963967823
17.864461,0.7397249114378541,17.864461,1.369355667677956
17.885666,0.7341910431202461,17.885666,1.364770122693926
17.906871,0.7288294550968661,17.906871,1.360176229250017
17.928076,0.7236369741407027,17.928076,1.355582336246497
17.94928,0.7186107080315536,17.94928,1.350996428454794
17.970485,0.7137474452748921,17.970485,1.34642653555121
17.99169,0.7090424945670101,17.99169,1.341879375764382
18.012895,0.7044916586793035,18.012895,1.337362889102549
18.0341,0.7000901175230442,18.0341,1.332883405498557
18.055304,0.6958323610843954,18.055304,1.328447844189709
18.076509,0.6917126693980721,18.076509,1.324061334306612
18.097714,0.6877247502059219,18.097714,1.319730022408295
18.118919,0.6838620808292846,18.118919,1.315458226473254
18.140124,0.6801195209874538,18.140124,1.311251144071266
18.161329,0.676489120484341,18.161329,1.307112669257581
18.182533,0.6729644721744168,18.182533,1.303046499864449
18.203738,0.6695383003103477,18.203738,1.299055632212289
18.224943,0.6662033621487962,18.224943,1.295142818278494
18.246148,0.6629524685429324,18.246148,1.291309016288188
18.267353,0.659778909624381,18.267353,1.287557070418681
18.288558,0.6566755841974465,18.288558,1.2838873871493
18.309762,0.6536354306965206,18.309762,1.28030085380813
18.330967,0.6506511357347552,18.330967,1.276797125792867
18.352172,0.6477166848987874,18.352172,1.273376183182439
18.373377,0.6448253515930767,18.373377,1.270037690014409
18.394582,0.6419700076532338,18.394582,1.266780364043544
18.415786,0.6391450123730498,18.415786,1.263602131543527
18.436991,0.6363449613464162,18.436991,1.260501848404425
18.458196,0.6335635927873882,18.458196,1.257476769608752
18.479401,0.6307955190811747,18.479401,1.254524605933614
18.500606,0.6280365637444307,18.500606,1.251642890524255
18.521811,0.6252818580275086,18.521811,1.248828812118912
18.543015,0.6225256710424022,18.543015,1.246078733911623
18.56422,0.6197657430939219,18.56422,1.243389149185709
18.585425,0.6169976848157956,18.585425,1.2407566816536
18.60663,0.6142183469202082,18.60663,1.23817776498102
18.627835,0.611425188873753,18.627835,1.235649125597273
18.64904,0.6086156318311197,18.64904,1.233166650258266
18.670244,0.6057870637127348,18.670244,1.230727007326034
18.691449,0.6029376536766251,18.691449,1.228326835260499
18.712654,0.6000651993283891,18.712654,1.22596094694938
18.733859,0.5971692916437346,18.733859,1.223627052202704
18.755064,0.5942483384821885,18.755064,1.221321042064224
18.776268,0.5913015405193901,18.776268,1.219038765511829
18.797473,0.5883294159059957,18.797473,1.216777507032526
18.818678,0.585330310812444,18.818678,1.214533891151578
18.839883,0.5823053680883348,18.839883,1.212304640634726
18.861088,0.5792542202632247,18.861088,1.210086133997393
18.882293,0.5761778418698771,18.882293,1.207876196247707
18.903497,0.5730765123617368,18.903497,1.205671468112558
18.924702,0.5699513705698424,18.924702,1.20347021766824
18.945907,0.5668028566931081,18.945907,1.201269527772793
18.967112,0.5636321016363077,18.967112,1.199067615272367
18.988317,0.5604407180460879,18.988317,1.196861645489576
19.009521,0.5572296991378701,19.009521,1.194650968945023
19.030726,0.5540003396562172,19.030726,1.192433384445104
19.051931,0.5507536132248645,19.051931,1.190207352724828
19.073136,0.5474910275313881,19.073136,1.187971979984114
19.094341,0.5442140709977074,19.094341,1.185725497352527
19.115546,0.5409239462780683,19.115546,1.183467665657596
19.13675,0.5376223452841475,19.13675,1.181197183432481
19.157955,0.5343099792209116,19.157955,1.178913972219793
19.17916,0.5309887498884268,19.17916,1.17661720729729
19.200365,0.527660096162502,19.200365,1.174307105097393
19.22157,0.5243238551817508,19.22157,1.171982723896839
19.242775,0.5209816783024346,19.242775,1.169644779036277
19.263979,0.5176351989379206,19.263979,1.167293107655271
19.285184,0.5142839540917614,19.285184,1.164927459302191
19.306389,0.510929276185689,19.306389,1.162548375450945
19.327594,0.507571589082034,19.327594,1.160155557691839
19.348799,0.5042113661839754,19.348799,1.157749585095633
19.370003,0.5008487258285992,19.370003,1.155330881680279
19.391208,0.4974841061094966,19.391208,1.15289914382463
19.412413,0.4941179998087041,19.412413,1.150454952501381
19.433618,0.4907498046349784,19.433618,1.147998419314796
19.454823,0.4873800209112781,19.454823,1.145530132638805
19.476028,0.4840080460780625,19.476028,1.143050212662726
19.497232,0.4806338005794404,19.497232,1.140558569412127
19.518437,0.4772562993479064,19.518437,1.138055172330084
19.539642,0.4738762020456498,19.539642,1.135540248016427
19.560847,0.4704925158001072,19.560847,1.133013771948035
19.582052,0.4671036362491962,19.582052,1.130475035990278
19.603257,0.4637099866149954,19.603257,1.127923734871502
19.624461,0.4603109202388005,19.624461,1.125360006082983
19.645666,0.4569053303118849,19.645666,1.122782917962067
19.666871,0.4534933953471311,19.666871,1.120191617368863
19.688076,0.4500740545349988,19.688076,1.117586083738328
19.709281,0.4466468527611213,19.709281,1.114964757775516
19.730485,0.4432108536580168,19.730485,1.112327227393211
19.75169,0.4397658037375871,19.75169,1.109672457140829
19.772895,0.4363114380414737,19.772895,1.106999399713396
19.7941,0.4328468486718468,19.7941,1.104306295556241
19.815305,0.4293718901623736,19.815305,1.101591675740884
19.83651,0.425887041061387,19.83651,1.098854754616835
19.857714,0.4223917408643215,19.857714,1.096093874971662
19.878919,0.4188866044681615,19.878919,1.093307819144666
19.900124,0.4153710433911466,19.900124,1.090494889345131
19.921329,0.4118458055800907,19.921329,1.087653422545028
19.942534,0.4083114831799054,19.942534,1.084782128953355
19.963739,0.4047688171583229,19.963739,1.081879288711891
19.984943,0.4012178344726952,19.984943,1.078943812577355
20.006148,0.3976598242427141,20.006148,1.075973668737645
20.027353,0.3940955155651664,20.027353,1.072967043011375
20.048558,0.3905264186819823,20.048558,1.069923774709477
20.069763,0.3869539872231448,20.069763,1.066841313517568
20.090967,0.3833789259709187,20.090967,1.063719136275462
20.112172,0.3798032312628048,20.112172,1.060555747934859
20.133377,0.3762287687394322,20.133377,1.057350030229909
20.154582,0.3726567049003042,20.154582,1.054101522485929
20.175787,0.3690885198544527,20.175787,1.050808895798066
20.196992,0.3655265591229078,20.196992,1.047471080948888
20.218196,0.3619731820006954,20.218196,1.044088398789925
20.239401,0.3584297986420499,20.239401,1.040659848631905
20.260606,0.354898700705107,20.260606,1.037184693177726
20.281811,0.3513820595767052,20.281811,1.033664042033178
20.303016,0.3478810891822018,20.303016,1.030096234441518
20.324221,0.344399054984215,20.324221,1.026482201050764
20.345425,0.3409379709085437,20.345425,1.022822418608057
20.36663,0.3374994532049242,20.36663,1.019117206661541
20.387835,0.3340855995010635,20.387835,1.015367021226308
20.40904,0.330698554528293,20.40904,1.011572307829303
20.430245,0.3273399169918083,20.430245,1.007733804760069
20.451449,0.3240125349660228,20.451449,1.003853138071057
20.472654,0.3207172062085348,20.472654,0.9999307607820692
20.493859,0.3174559761570847,20.493859,0.9959680199674322
20.515064,0.3142304874883893,20.515064,0.9919661280846189
20.536269,0.3110422850174246,20.536269,0.9879267700942519
20.557474,0.3078926442045332,20.557474,0.9838510458170278
20.578678,0.3047830557534221,20.578678,0.9797411449328816
20.599883,0.301714091854949,20.599883,0.9755974544984508
20.621088,0.2986876482292768,20.621088,0.9714228282291579
20.642293,0.2957042255556367,20.642293,0.9672181703273872
20.663498,0.2927643885263694,20.663498,0.96298597455478
20.684703,0.2898691682631769,20.684703,0.9587273516018964
20.705907,0.2870188595060606,20.705907,0.9544442496616341
20.727112,0.2842142630093818,20.727112,0.9501388042270276
20.748317,0.2814547560110199,20.748317,0.9458127614286153
20.769522,0.2787408386900451,20.769522,0.9414677132826329
20.790727,0.2760720521684134,20.790727,0.9371049983798397
20.811931,0.2734492751409782,20.811931,0.9327269193473117
20.833136,0.2708710824660254,20.833136,0.9283346074106664
20.854341,0.2683381692236351,20.854341,0.9239293117237336
20.875546,0.2658491673683132,20.875546,0.9195138823261045
20.896751,0.2634040719460228,20.896751,0.9150883591860108
20.917956,0.261001790144469,20.917956,0.910654673550088
20.93916,0.2586423820343294,20.93916,0.9062145892581911
20.960365,0.2563241567521636,20.960365,0.9017683035762057
20.98157,0.2540464982659282,20.98157,0.897318016804065
21.002775,0.2518088530733013,21.002775,0.8928637625562432
21.02398,0.2496098409183921,21.02398,0.8884064794244271
21.045185,0.247448433099605,21.045185,0.8839478078729817
21.066389,0.2453240258931182,21.066389,0.8794878496491054
21.087594,0.2432353242384933,21.087594,0.8750270984131892
21.108799,0.2411813917149337,21.108799,0.8705667485664452
21.130004,0.2391614229379086,21.130004,0.8661074911474241
21.151209,0.23717342341192,21.151209,0.861647974971757
21.172413,0.2352174667156275,21.172413,0.8571897436671285
21.193618,0.2332921446002332,21.193618,0.8527333843190239
21.214823,0.231395918993094,21.214823,0.8482777088469663
21.236028,0.2295289701413648,21.236028,0.8438237660401344
21.257233,0.2276899702359877,21.257233,0.8393716236245212
21.278438,0.2258778631847802,21.278438,0.8349202411469747
21.299642,0.2240918240763703,21.299642,0.8304698342612301
21.320847,0.2223322901737775,21.320847,0.82602036733601
21.342052,0.2205965644581317,21.342052,0.8215721783572826
21.363257,0.2188859268237724,21.363257,0.8171242555214611
21.384462,0.2171989255680987,21.384462,0.8126766720338023
21.405667,0.2155348073014068,21.405667,0.8082290845784099
21.426871,0.2138935357410075,21.426871,0.8037807192461074
21.448076,0.2122741770478563,21.448076,0.799331799843685
21.469281,0.2106772630887091,21.469281,0.7948816950858467
21.490486,0.2091019976409025,21.490486,0.7904300382813245
21.511691,0.2075487544863496,21.511691,0.7859767715962318
21.532895,0.2060161211753222,21.532895,0.7815213638692963
21.5541,0.2045046148557035,21.5541,0.7770631489765035
21.575305,0.2030146046498097,21.575305,0.7726020513182181
21.59651,0.2015456995154285,21.59651,0.7681384438974289
21.617715,0.200097208042812,21.617715,0.7636713250257132
21.63892,0.1986708865190039,21.63892,0.7592003168797066
21.660124,0.1972649462237671,21.660124,0.7547260821044055
21.681329,0.1958797536623329,21.681329,0.7502485440804375
21.702534,0.1945160117295372,21.702534,0.7457663701315349
21.723739,0.1931725178150805,21.723739,0.7412803933998373
21.744944,0.1918506092408286,21.744944,0.7367894246432132
21.766149,0.190549544817875,21.766149,0.7322951106147707
21.787353,0.1892702137910852,21.787353,0.7277954477932127
21.808558,0.1880125169465368,21.808558,0.7232922690922196
21.829763,0.1867758970257717,21.829763,0.7187838588266863
21.850968,0.1855602421214487,21.850968,0.7142720794320402
21.872173,0.1843658067413368,21.872173,0.709754711640144
21.893377,0.1831931452350294,21.893377,0.7052338112010105
21.914582,0.1820413421417988,21.914582,0.7007089625863132
21.935787,0.1809109788575322,21.935787,0.6961794181611449
21.956992,0.1798016232526141,21.956992,0.6916455911261742
21.978197,0.1787135135665917,21.978197,0.687108084606284
21.999402,0.1776463867448156,21.999402,0.6825666551506077
22.020606,0.1765992825018962,22.020606,0.6780208747377801
22.041811,0.1755731197263774,22.041811,0.6734715438461025
22.063016,0.1745669247650401,22.063016,0.6689182395643904
22.084221,0.1735809231404569,22.084221,0.6643616009962445
22.105426,0.1726150078082839,22.105426,0.6598006827221793
22.12663,0.1716679820281843,22.12663,0.6552357560860282
22.147835,0.1707395234098614,22.147835,0.6506665696454879
22.16904,0.1698298348674688,22.16904,0.6460937801984413
22.190245,0.1689387791417762,22.190245,0.6415164152988713
22.21145,0.1680660235633468,22.21145,0.6369342103203403
22.232655,0.1672102924806077,22.232655,0.6323474376570608
22.253859,0.1663721563944664,22.253859,0.6277552822743467
22.275064,0.1655508578191573,22.275064,0.6231589576702391
22.296269,0.1647458650343181,22.296269,0.6185557372184868
22.317474,0.1639563835175982,22.317474,0.613946818296316
22.338679,0.1631822077907867,22.338679,0.6093311357049428
22.359884,0.1624239011963223,22.359884,0.6047078002472208
22.381088,0.1616800752302228,22.381088,0.600077033993512
22.402293,0.1609512876551513,22.402293,0.5954379203559773
22.423498,0.1602357522395436,22.423498,0.5907888762457976
22.444703,0.1595353893209749,22.444703,0.5861301395132271
22.465908,0.1588473781028508,22.465908,0.5814606517470894
22.487112,0.1581740943818275,22.487112,0.576779025393184
22.508317,0.1575140754852307,22.508317,0.5720853817184695
22.529522,0.156867310785484,22.529522,0.5673776107611841
22.550727,0.1562333421013852,22.550727,0.5626551849793695
22.571932,0.1556135955731447,22.571932,0.5579171902058604
22.593137,0.1550059636354887,22.593137,0.5531625879997366
22.614341,0.1544132134655518,22.614341,0.5483889500097154
22.635546,0.1538347019510315,22.635546,0.5435964638630044
22.656751,0.1532693960301337,22.656751,0.5387833588367795
22.677956,0.1527197025743265,22.677956,0.533948787389194
22.699161,0.1521855025597819,22.699161,0.5290911331607944
22.720366,0.151666686784513,22.720366,0.5242087216750515
22.74157,0.1511658202527835,22.74157,0.5193005923477239
22.762775,0.1506817292704206,22.762775,0.5143656127074635
22.78398,0.1502161859461573,22.78398,0.5094024955967633
22.805185,0.1497698624674731,22.805185,0.5044105586756942
22.82639,0.149345211903426,22.82639,0.4993866160786442
22.847594,0.148941563339583,22.847594,0.4943314569092676
22.868799,0.1485624493761986,22.868799,0.4892420682695383
22.890004,0.1482075888667788,22.890004,0.4841182597234937
22.911209,0.1478789022465954,22.911209,0.4789594656436577
22.932414,0.1475790038879321,22.932414,0.4737631923108361
22.953619,0.1473090725809261,22.953619,0.4685285080597045
22.974823,0.147071030035973,22.974823,0.4632557478065891
22.996028,0.1468668531209959,22.996028,0.4579419969228245
23.017233,0.1466986836736912,23.017233,0.4525875647779043
23.038438,0.1465701119554456,23.038438,0.4471921261813895
23.059643,0.1464811707490767,23.059643,0.441753023061552
23.080848,0.1464360668272577,23.080848,0.4362723022010876
23.102052,0.1464374842034196,23.102052,0.4307469521422371
23.123257,0.1464868558880132,23.123257,0.4251780791009286
23.144462,0.1465878648154656,23.144462,0.4195640619871502
23.165667,0.1467432857268964,23.165667,0.4139065014057228
23.186872,0.1469561130315566,23.186872,0.408203502137529
23.208076,0.1472298514408667,23.208076,0.40245574807089
23.229281,0.1475666790142634,23.229281,0.3966647510874878
23.250486,0.147970576139385,23.250486,0.3908277004039268
23.271691,0.148444780083253,23.271691,0.3849478571624543
23.292896,0.1489928522919265,23.292896,0.3790248936865279
23.314101,0.1496185844370384,23.314101,0.3730586023789603
23.335305,0.1503245778048114,23.335305,0.3670524195427607
23.35651,0.1511159683776832,23.35651,0.3610042048213911
23.377715,0.1519952146032208,23.377715,0.3549190686089987
23.39892,0.1529691303333514,23.39892,0.3487958641310728
23.420125,0.1540379358528312,23.420125,0.3426363753044924
23.44133,0.1552091730217656,23.44133,0.3364459650376274
23.462534,0.1564837059668032,23.462534,0.3302228796329911
23.483739,0.157868836494595,23.483739,0.3239746433537001
23.504944,0.1593662877848284,23.504944,0.3176989356014854
23.526149,0.160982316980163,23.526149,0.3114037674471869
23.547354,0.1627200453698759,23.547354,0.3050914832721072
23.568558,0.1645851810121045,23.568558,0.298766266182759
23.589763,0.1665781217032264,23.589763,0.2924333610075548
23.610968,0.1687076970487967,23.610968,0.2860983869991381
23.632173,0.1709738793829669,23.632173,0.2797678813431973
23.653378,0.1733825072114668,23.653378,0.273447424209727
23.674583,0.1759348747718942,23.674583,0.2671443058741887
23.695787,0.1786351759940133,23.695787,0.2608668742911068
23.716992,0.1814843975904662,23.716992,0.2546224392483397
23.738197,0.1844844388851561,23.738197,0.248422036443571
23.759402,0.1876342955686474,23.759402,0.2422718078389282
23.780607,0.1909349846138868,23.780607,0.2361824895065364
23.801812,0.1943863819842669,23.801812,0.2301653003841659
23.823016,0.1979833407067391,23.823016,0.2242284620591256
23.844221,0.2017244138922315,23.844221,0.2183820944128989
23.865426,0.205605706463116,23.865426,0.2126351488587835
23.886631,0.2096173390819353,23.886631,0.2069986203910332
23.907836,0.2137577272153129,23.907836,0.2014804356364561
23.92904,0.2180170760464644,23.92904,0.1960878513520147
23.950245,0.2223857856307744,23.950245,0.1908282936323038
23.97145,0.2268571336297709,23.97145,0.185707186394915
23.992655,0.2314187375753808,23.992655,0.1807308277549322
24.01386,0.2360641473240855,24.01386,0.1759013406766633
24.035065,0.2407792980797663,24.035065,0.1712211154729022
24.056269,0.2455567411139697,24.056269,0.1666946703002622
24.077474,0.2503856955820585,24.077474,0.1623175793070833
24.098679,0.2552576409349385,24.098679,0.1580932106564668
24.119884,0.2601630176413013,24.119884,0.154018816214864
24.141089,0.2650945122752538,24.141089,0.1500936389007033
24.162294,0.2700414905533645,24.162294,0.146312701500187
24.183498,0.2749992938905772,24.183498,0.1426730936102392
24.204703,0.2799602168182901,24.204703,0.1391715595980155
24.225908,0.2849193334136221,24.225908,0.1358051050324058
24.247113,0.2898716087333849,24.247113,0.1325690369191862
24.268318,0.2948112304373189,24.268318,0.1294591116606551
24.289522,0.2997336192189889,24.289522,0.1264722992995456
24.310727,0.3046369458979032,24.310727,0.1236028673049376
24.331932,0.3095156925170987,24.331932,0.120846861416998
24.353137,0.3143687368411769,24.353137,0.1182019572727844
24.374342,0.319192344288082,24.374342,0.1156622352028588
24.395547,0.3239842841143692,24.395547,0.1132246278558703
24.416751,0.3287444813048063,24.416751,0.1108870325528018
24.437956,0.3334685665124457,24.437956,0.1086429236161539
24.459161,0.3381575109233451,24.459161,0.1064917940212871
24.480366,0.342806708426964,24.480366,0.1044291115663131
24.501571,0.3474176703795798,24.501571,0.1024501717518052
24.522776,0.3519875643311626,24.522776,0.1005546888204836
24.54398,0.3565169292472067,24.54398,0.09873864916970362
24.565185,0.3610025835472423,24.565185,0.0969993058108337
24.58639,0.3654454476684644,24.58639,0.09533297027578864
24.607595,0.3698430603550233,24.607595,0.0937384088448778
24.6288,0.3741965980586066,24.6288,0.09221222260977308
24.650004,0.378504512311687,24.650004,0.09075056936630185
24.671209,0.3827650656071547,24.671209,0.08935376572506283
24.692414,0.3869788937182633,24.692414,0.08801513610403024
24.713619,0.3911459600748868,24.713619,0.08673616363953909
24.734824,0.3952634393904756,24.734824,0.08551132392138582
24.756029,0.3993323986893681,24.756029,0.08434076501315621
24.777233,0.4033526484667108,24.777233,0.08321874203032607
24.798438,0.4073241289172676,24.798438,0.08214588241787199
24.819643,0.4112467942609809,24.819643,0.0811167417364233
24.840848,0.4151178833221098,24.840848,0.08013025055388727
24.862053,0.4189402902177086,24.862053,0.07918312173498794
24.883257,0.4227136426063123,24.883257,0.07827402918910645
24.904462,0.426437185920061,24.904462,0.07739944144127063
24.925667,0.4301115624285025,24.925667,0.07655688169385966
24.946872,0.4337374217158465,24.946872,0.07574398323768088
24.968077,0.4373143064492997,24.968077,0.07495867278195351
24.989282,0.4408449143758568,24.989282,0.07419729463434946
25.010486,0.4443264211911032,25.010486,0.07345725674495077
25.031691,0.4477631629832671,25.031691,0.07273823014604963
25.052896,0.4511541603174317,25.052896,0.07203524395548903
25.074101,0.4545000837524996,25.074101,0.07134652150616168
25.095306,0.457803891375743,25.095306,0.07067108997866911
25.116511,0.4610660192690103,25.116511,0.07000624346850337
25.137715,0.4642867515124876,25.137715,0.06934830661247933
25.15892,0.4674689453552014,25.15892,0.06869654191809234
25.180125,0.47061419122385,25.180125,0.0680493716449939
25.20133,0.4737237510396196,25.20133,0.06740320688993597
25.222535,0.4767994554521645,25.222535,0.06675867523760927
25.243739,0.4798433958155333,25.243739,0.06611115267322612
25.264944,0.4828584736759534,25.264944,0.06546224561280624
25.286149,0.4858446711285166,25.286149,0.06480775003019665
25.307354,0.4888056775626194,25.307354,0.0641481910692068
25.328559,0.4917438304951193,25.328559,0.06348224027247829
25.349764,0.4946612956993743,25.349764,0.06280762265031058
25.370968,0.4975595876359696,25.370968,0.06212522232134226
25.392173,0.5004419047453322,25.392173,0.06143370430908497
25.413378,0.5033104055635963,25.413378,0.06073190552413021
25.434583,0.5061673258597791,25.434583,0.06001967817341099
25.455788,0.5090159361149293,25.455788,0.05929775053876692
25.476993,0.51185835653519,25.476993,0.05856600682055888
25.498197,0.514695596414202,25.498197,0.05782349840826963
25.519402,0.5175317259099018,25.519402,0.05707089734077866
25.540607,0.5203689284050547,25.540607,0.05631004927563883
25.561812,0.5232090264637402,25.561812,0.0555399439424883
25.583017,0.5260549493956543,25.583017,0.05476138953372611
25.604221,0.5289068484009388,25.604221,0.05397642342183996
25.625426,0.531769323975497,25.625426,0.05318471511023677
25.646631,0.5346433604315241,25.646631,0.05238819383709026
25.667836,0.5375307392904538,25.667836,0.05158774740325343
25.689041,0.5404342008558733,25.689041,0.05078509087051558
25.710246,0.5433545892801404,25.710246,0.04998209371154864
25.73145,0.5462935414618788,25.73145,0.04917960393254033
25.752655,0.5492528112332082,25.752655,0.04838027126404151
25.77386,0.552233861452207,25.77386,0.04758400712860702
25.795065,0.5552384994854862,25.795065,0.04679520606744089
25.81627,0.5582680931173495,25.81627,0.04601373482865392
25.837475,0.5613224232942403,25.837475,0.04524226887456428
25.858679,0.5644038253956946,25.858679,0.04448233493527189
25.879884,0.5675120789261217,25.879884,0.04373739506473349
25.901089,0.5706485525471261,25.901089,0.0430089586496816
25.922294,0.5738136420695196,25.922294,0.04229770472598746
25.943499,0.5770088380312943,25.943499,0.04160768157713715
25.964703,0.5802328166245158,25.964703,0.04094046272355618
25.985908,0.5834876823045831,25.985908,0.04029733739559236
26.007113,0.5867722629684879,26.007113,0.03968234606421823
26.028318,0.5900877511862013,26.028318,0.03909672748438416
26.049523,0.5934336820555224,26.049523,0.03854263870020783
26.070728,0.5968095893699351,26.070728,0.03802217726420322
26.091932,0.6002158890320638,26.091932,0.03753815987166641
26.113137,0.6036512240856727,26.113137,0.03709178264968157
26.134342,0.6071168751559942,26.134342,0.03668651113391819
26.155547,0.6106107220901178,26.155547,0.03632428845022236
26.176752,0.6141331710339922,26.176752,0.0360076625771058
26.197957,0.6176829085448803,26.197957,0.03573759237082094
26.219161,0.621260395913051,26.219161,0.03551731310277856
26.240366,0.6248628465978502,26.240366,0.03534935725537822
26.261571,0.6284906681471379,26.261571,0.03523520892567265
26.282776,0.6321419438910431,26.282776,0.03517722596150462
26.303981,0.6358163761563969,26.303981,0.03517760919466838
26.325185,0.6395113451998731,26.325185,0.03523862425451851
26.34639,0.6432266708105652,26.34639,0.03536311697295743
26.367595,0.6469605229615665,26.367595,0.03555162824264994
26.3888,0.6507104903805728,26.3888,0.035807014554772
26.410005,0.6544749975824184,26.410005,0.0361320143433318
26.43121,0.6582532002163759,26.43121,0.03652773733890891
26.452414,0.6620421209581921,26.452414,0.0369968907182973
26.473619,0.6658402899256025,26.473619,0.03754053393613794
26.494824,0.6696448504809464,26.494824,0.03816052640686601
26.516029,0.6734530829694875,26.516029,0.03885942564047286
26.537234,0.6772637485029156,26.537234,0.03963817649968967
26.558439,0.6810735591811042,26.558439,0.04049929648298887
26.579643,0.6848792511928591,26.579643,0.04144380188268718
26.600848,0.6886783911653072,26.600848,0.0424726554154056
26.622053,0.6924686800508335,26.622053,0.04358753091588821
26.643258,0.6962464330252448,26.643258,0.04478945746910462
26.664463,0.7000080837808105,26.664463,0.04607946786240277
26.685667,0.7037508894510388,26.685667,0.04745855458321751
26.706872,0.7074715020911382,26.706872,0.04892776585019366
26.728077,0.7111652368195822,26.728077,0.05048756342558523
26.749282,0.7148303272637655,26.749282,0.05213824676782037
26.770487,0.718462258874534,26.770487,0.05387965689476817
26.791692,0.7220573295381173,26.791692,0.05571164276627762
26.812896,0.7256119967339147,26.812896,0.05763479681736267
26.834101,0.7291220321306636,26.834101,0.05964845126529673
26.855306,0.7325833140774386,26.855306,0.06175202073360084
26.876511,0.7359931715315439,26.876511,0.06394488674679631
26.897716,0.7393469313453709,26.897716,0.06622601369414145
26.918921,0.742640627434305,26.918921,0.06859374254272974
26.940125,0.7458710345111396,26.940125,0.07104646453355279
26.96133,0.7490330676522193,26.96133,0.07358353373203935
26.982535,0.7521241065281112,26.982535,0.07620151980577144
27.00374,0.7551404429646158,27.00374,0.07889923067303097
27.024945,0.7580775642157314,27.024945,0.08167370058505044
27.046149,0.7609330925549282,27.046149,0.08452320004121425
27.067354,0.7637017881785302,27.067354,0.08744381777509813
27.088559,0.766382529462476,27.088559,0.09043329843206378
27.109764,0.7689700202510344,27.109764,0.09348738976394871
27.130969,0.7714623262354036,27.130969,0.09660290265069837
27.152174,0.773856765388099,27.152174,0.09977621628891097
27.173378,0.7761499077719485,27.173378,0.1030032976870366
27.194583,0.7783401826145478,27.194583,0.1062800069272099
27.215788,0.7804240692939338,27.215788,0.1096025909059759
27.236993,0.7824002406115484,27.236993,0.112965200433625
27.258198,0.7842669185761023,27.258198,0.1163640819705752
27.279403,0.7860220643192612,27.279403,0.1197943470983205
27.300607,0.7876647875431465,27.300607,0.1232510346219865
27.321812,0.7891933726340459,27.321812,0.1267287631498863
27.343017,0.790607326538078,27.343017,0.1302226738156105
27.364222,0.7919065490558651,27.364222,0.1337272688630453
27.385427,0.7930903005378395,27.385427,0.1372378402890416
27.406631,0.7941587291727751,27.406631,0.1407483112556485
27.427836,0.795113273983345,27.427836,0.1442536601425202
27.449041,0.7959528044445997,27.449041,0.1477493380804909
27.470246,0.7966794806007074,27.470246,0.1512289483207923
27.491451,0.7972949264769896,27.491451,0.1546874260757752
27.512656,0.7978000244174992,27.512656,0.1581198246917891
27.53386,0.7981973317024194,27.53386,0.1615208356121961
27.555065,0.7984893873277835,27.555065,0.1648857230784373
27.57627,0.7986778756583504,27.57627,0.1682092419165353
27.597475,0.7987664038114093,27.597475,0.171486932032185
27.61868,0.7987584589099542,27.61868,0.1747142686794786
27.639885,0.7986574133622898,27.639885,0.1778866603164597
27.661089,0.798466800091484,27.661089,0.1810006377014565
27.682294,0.7981911172205792,27.682294,0.184051785130806
27.703499,0.797834450404679,27.703499,0.1870369221638776
27.724704,0.7974021419593721,27.724704,0.1899530889493365
27.745909,0.7968981420539623,27.745909,0.1927969107871207
27.767113,0.7963278149785398,27.767113,0.1955658173313925
27.788318,0.7956964806356052,27.788318,0.1982571292435361
27.809523,0.7950100173028914,27.809523,0.2008704249309579
27.830728,0.7942738461644444,27.830728,0.2034033989412657
27.851933,0.7934930821763478,27.851933,0.205854976771805
27.873138,0.7926743289089117,27.873138,0.2082248585332538
27.894342,0.7918228674587419,27.894342,0.2105123593297656
27.915547,0.7909452146381682,27.915547,0.2127189050343626
27.936752,0.7900468582969604,27.936752,0.2148442186908865
27.957957,0.7891332058481234,27.957957,0.2168898719906871
27.979162,0.7882110509223346,27.979162,0.2188576267715862
28.000366,0.7872856358116223,28.000366,0.2207502488227595
28.021571,0.786362515495422,28.021571,0.2225691033730599
28.042776,0.7854473721848909,28.042776,0.2243180208368253
28.063981,0.784544607542156,28.063981,0.226000533679626
28.085186,0.7836600290363013,28.085186,0.2276203881667379
28.106391,0.7827973230965712,28.106391,0.2291825670664277
28.127595,0.7819618303251756,28.127595,0.2306909276185321
28.1488,0.7811577042489964,28.1488,0.2321515860543764
28.170005,0.7803868711418877,28.170005,0.2335694086361166
28.19121,0.7796541876611253,28.19121,0.2349503188708822
28.212415,0.778961627002142,28.212415,0.2363011137126192
28.23362,0.7783114446737903,28.23362,0.2376272394112312
28.254824,0.777705890577115,28.254824,0.2389360840022779
28.276029,0.7771451403115813,28.276029,0.2402344045092367
28.297234,0.7766307677746905,28.297234,0.2415291896527318
28.318439,0.7761622613369924,28.318439,0.2428268023175237
28.339644,0.7757391121070502,28.339644,0.2441355567151876
28.360848,0.7753607034896248,28.360848,0.2454612403535959
28.382053,0.7750252528251885,28.382053,0.2468119578074517
28.403258,0.7747296911968179,28.403258,0.2481936631381164
28.424463,0.7744717413976688,28.424463,0.2496146594724313
28.445668,0.7742488200325833,28.445668,0.2510801372507342
28.466873,0.7740552608035094,28.466873,0.2525975985190456
28.488077,0.7738879952719323,28.488077,0.2541724399418837
28.509282,0.7737405105432774,28.509282,0.2558112148748986
28.530487,0.7736086939608702,28.530487,0.2575177884571145
28.551692,0.7734850011209775,28.551692,0.2592991456968545
28.572897,0.7733639014072254,28.572897,0.2611584270128089
28.594102,0.7732381860525335,28.594102,0.2630993963691525
28.615306,0.7731003415031267,28.615306,0.2651266452702389
28.636511,0.7729429228041976,28.636511,0.2672428893592791
28.657716,0.7727575824111175,28.657716,0.2694499604265603
28.678921,0.7725362487020309,28.678921,0.2717503552133944
28.700126,0.7722708953248341,28.700126,0.2741447350685778
28.72133,0.7719519998649338,28.72133,0.2766331326784098
28.742535,0.7715716597487555,28.742535,0.2792164503166843
28.76374,0.7711204193826994,28.76374,0.2818930669401968
28.784945,0.7705894267361368,28.784945,0.2846613155971988
28.80615,0.7699700672410675,28.80615,0.2875202678894376
28.827355,0.7692532494756159,28.827355,0.290466111325907
28.848559,0.7684306455401951,28.848559,0.2934955825993316
28.869764,0.7674926783767653,28.869764,0.2966041324087392
28.890969,0.7664312889207,28.890969,0.2997881262435949
28.912174,0.7652391612312968,28.912174,0.3030412082241927
28.933379,0.7639063808228804,28.933379,0.306357566679708
28.954584,0.7624270770399557,28.954584,0.3097306052098993
28.975788,0.7607930749407392,28.975788,0.3131534813438696
28.996993,0.7589969076982406,28.996993,0.3166185495126453
29.018198,0.7570326612383022,29.018198,0.3201163072721318
29.039403,0.7548937540376259,29.039403,0.3236395833099219
29.060608,0.7525746242436311,29.060608,0.327178185482227
29.081812,0.7500701922959112,29.081812,0.3307223811156803
29.103017,0.7473750477129674,29.103017,0.3342625643771081
29.124222,0.7444854053033075,29.124222,0.337787682886203
29.145427,0.7413973448416542,29.145427,0.3412873026326274
29.166632,0.7381076620365959,29.166632,0.3447505195893543
29.187837,0.734614401712452,29.187837,0.3481656490858103
29.209041,0.7309154569528773,29.209041,0.3515201348609113
29.230246,0.7270090599246689,29.230246,0.3548030062056279
29.251451,0.7228946633012139,29.251451,0.3580023662343246
29.272656,0.7185726444579905,29.272656,0.3611047567719784
29.293861,0.7140443041726646,29.293861,0.3640992561396204
29.315066,0.7093099257721388,29.315066,0.3669721662454484
29.33627,0.7043713064093314,29.33627,0.3697119653091963
29.357475,0.6992328990932277,29.357475,0.3723058516519985
29.37868,0.6938962202878547,29.37868,0.3747411967341874
29.399885,0.6883663638530426,29.399885,0.3770056377353786
29.42109,0.6826478215546944,29.42109,0.3790871249111077
29.442294,0.6767459400330201,29.442294,0.3809738407701717
29.463499,0.6706675406557445,29.463499,0.3826538253947356
29.484704,0.6644192109189175,29.484704,0.3841144202423505
29.505909,0.6580080748669707,29.505909,0.3853448151852272
29.527114,0.6514431643409782,29.527114,0.3863330122660846
29.548319,0.6447325329125339,29.548319,0.3870698115273414
29.569523,0.6378867595278713,29.569523,0.3875429240496701
29.590728,0.6309156043740907,29.590728,0.387742826939099
29.611933,0.6238293423287583,29.611933,0.3876597068955338
29.633138,0.6166403622548722,29.633138,0.3872832766358754
29.654343,0.6093611288342559,29.654343,0.3866057233592884
29.675548,0.6020041916201209,29.675548,0.3856177469051381
29.696752,0.594583163570207,29.696752,0.3843112519835396
29.717957,0.5871124804155887,29.717957,0.382678800901938
29.739162,0.5796059268661427,29.739162,0.3807138432712426
29.760367,0.5720811404702856,29.760367,0.3784096078084997
29.781572,0.5645517162379075,29.781572,0.3757600834404405
29.802776,0.5570363669970521,29.802776,0.3727593247086844
29.823981,0.5495511453495834,29.823981,0.3694041978037594
29.845186,0.5421157169751911,29.845186,0.3656903753061126
29.866391,0.5347480786912661,29.866391,0.3616151374928882
29.887596,0.5274677713525636,29.887596,0.3571753768327827
29.908801,0.5202949566509666,29.908801,0.3523703192898505
29.930005,0.51325049211451,29.930005,0.3471988877513676
29.95121,0.5063571759499989,29.95121,0.3416629766832485
29.972415,0.4996371198010609,29.972415,0.335763683984882
29.99362,0.4931128936061253,29.99362,0.3295046674033705
30.014825,0.486809433221506,30.014825,0.3228891826516396
30.03603,0.480751288716716,30.03603,0.3159253101648919
30.057234,0.474963738319411,30.057234,0.3086204023041087
30.078439,0.469473489255259,30.078439,0.3009839814898922
30.099644,0.4643058291159801,30.099644,0.2930288432067358
30.120849,0.4594899475860007,30.120849,0.284770103649568
30.142054,0.4550509065244529,30.142054,0.2762251392048276
30.163258,0.4510155216329469,30.163258,0.2674154085946417
30.184463,0.4474118813243286,30.184463,0.2583648419390206
30.205668,0.4442637318977898,30.205668,0.2491009102346906
30.226873,0.4415945010718275,30.226873,0.2396553846189905
30.248078,0.4394247523457703,30.248078,0.2300632803689923
30.269283,0.4377722566111604,30.269283,0.2203645812249049
30.290487,0.4366515137297949,30.290487,0.2106004378972686
30.311692,0.4360711112092626,30.311692,0.2008158709646252
30.332897,0.4360337109414079,30.332897,0.191058622096296
30.354102,0.4365368419519517,30.354102,0.1813764438436901
30.375307,0.4375719770632794,30.375307,0.1718174470508368
30.396512,0.4391229416576535,30.396512,0.1624283161584547
30.417716,0.4411677477467765,30.417716,0.153254630115907
30.438921,0.443678920567107,30.438921,0.1443363590908169
30.460126,0.4466239982106714,30.460126,0.1357092324703294
30.481331,0.4499669899571779,30.481331,0.1274060126176274
30.502536,0.4536675600905284,30.502536,0.1194498015004344
30.52374,0.4576852828128196,30.52374,0.1118607084880597
30.544945,0.4619794454976577,30.544945,0.1046518421353556
30.56615,0.4665090309696071,30.56615,0.09782983172939547
30.587355,0.471235198174395,30.587355,0.09139809625184371
30.60856,0.4761201442888265,30.60856,0.08535450660400405
30.629765,0.4811278085276523,30.629765,0.07969296166300541
30.650969,0.4862285013757714,30.650969,0.07440534624695025
30.672174,0.491391397909105,30.672174,0.06948025574984813
30.693379,0.4965907167844652,30.693379,0.06490254229619188
30.714584,0.5018032900426144,30.714584,0.0606592276376168
30.735789,0.5070087071407744,30.735789,0.05673472584369876
30.756993,0.5121893257317284,30.756993,0.05311219627846851
30.778198,0.5173301937658024,30.778198,0.04977478660690184
30.799403,0.5224170156185384,30.799403,0.04670693961051395
30.820608,0.5274385765894007,30.820608,0.04389136674396451
30.841813,0.5323869282657754,30.841813,0.04131393697371129
30.863018,0.5372538294195759,30.863018,0.03895737704208046
30.884222,0.5420330947788388,30.884222,0.03680863805583797
30.905427,0.5467198789599242,30.905427,0.03485148562047567
30.926632,0.5513101537551283,30.926632,0.03307394191056179
30.947837,0.5558010836373498,30.947837,0.03146179544228745
30.969042,0.5601913028026158,30.969042,0.03000492852335928
30.990247,0.5644794715573748,30.990247,0.02868926296880215
31.011451,0.5686647179912495,31.011451,0.02750566283635815
31.032656,0.5727462094403948,31.032656,0.02644277648698454
31.053861,0.5767268409572597,31.053861,0.02549213762202814
31.075066,0.5806051432866067,31.075066,0.02464411513650135
31.096271,0.5843840666767383,31.096271,0.02389011062432467
31.117475,0.5880649086995532,31.117475,0.02322362684452825
31.13868,0.5916488362303377,31.13868,0.02263504832583883
31.159885,0.5951380494013641,31.159885,0.02212007787645551
31.18109,0.5985345801357169,31.18109,0.02167126249758007
31.202295,0.6018413137112157,31.202295,0.02128301880941693
31.2235,0.6050610431007053,31.2235,0.02094912595106592
31.244704,0.6081940921411167,31.244704,0.02066527801306525
31.265909,0.6112456964049301,31.265909,0.02042795568695195
31.287114,0.6142159880247726,31.287114,0.02023066843303798
31.308319,0.6171092913963087,31.308319,0.02007180927704647
31.329524,0.6199272847970452,31.329524,0.01994588769237365
31.350729,0.6226725072122812,31.350729,0.01985072386660885
31.371933,0.6253473846125518,31.371933,0.01978260452414738
31.393138,0.6279543355775189,31.393138,0.01973949266326837
31.414343,0.6304956967802603,31.414343,0.01971861198020668
31.435548,0.6329745158796708,31.435548,0.01971643357972481
31.456753,0.6353930650441538,31.456753,0.01973188045281666
31.477957,0.6377520002348741,31.477957,0.01976395212458441
31.499162,0.6400557825981994,31.499162,0.0198092109230413
31.520367,0.6423041779721811,31.520367,0.01986597695858776
31.541572,0.6445008654591421,31.541572,0.01993403064066865
31.562777,0.6466463003065008,31.562777,0.02001093951031132
31.583982,0.6487448414195948,31.583982,0.02009649891237842
31.605186,0.6507961044018437,31.605186,0.02018835071558363
31.626391,0.6528020425374805,31.626391,0.02028562893051868
31.647596,0.6547653621711023,31.647596,0.02038821961463431
31.668801,0.6566879443820675,31.668801,0.02049527498584536
31.690006,0.6585693174996643,31.690006,0.02060451290308847
31.711211,0.6604128836695049,31.711211,0.02071658554566711
31.732415,0.662219690194523,31.732415,0.02083070045221391
31.75362,0.6639907665269043,31.75362,0.0209460744051423
31.774825,0.6657278753478746,31.774825,0.02106190910613905
31.79603,0.6674320306833049,31.79603,0.02117818646721052
31.817235,0.6691042074916751,31.817235,0.02129414198935114
31.838439,0.6707461107293545,31.838439,0.02140899480488266
31.859644,0.6723594717038276,31.859644,0.02152345673561755
31.880849,0.6739437306124018,31.880849,0.02163682120278732
31.902054,0.6755005472167349,31.902054,0.02174831694886308
31.923259,0.6770315860591228,31.923259,0.02185791668323684
31.944464,0.6785377098023034,31.944464,0.02196414404785585
31.965668,0.6800198655170671,31.965668,0.02206847293878557
31.986873,0.6814781854682921,31.986873,0.02217018874876805
32.008078,0.6829150160561986,32.008078,0.02226924235437883
32.029283,0.6843297384765387,32.029283,0.02236494943807665
32.050488,0.6857239696047187,32.050488,0.02245801617358838
32.071693,0.6870985129815107,32.071693,0.02254698519543569
32.092897,0.6884542352035741,32.092897,0.02263258645709776
32.114102,0.6897912229124531,32.114102,0.02271411911251378
32.135307,0.6911110534849507,32.135307,0.02279228485866346
32.156512,0.692413800791665,32.156512,0.0228663842082545
32.177717,0.6937010005794552,32.177717,0.02293639476764397
32.198921,0.6949727388153549,32.198921,0.02300234110945073
32.220126,0.6962298172286521,32.220126,0.02306422333924017
32.241331,0.6974730071226338,32.241331,0.02312132489044776
32.262536,0.6987031208724382,32.262536,0.02317436335446993
32.283741,0.6999209408134998,32.283741,0.02322333716877769
32.304946,0.7011265072326711,32.304946,0.02326755561473347
32.32615,0.7023213290380137,32.32615,0.02330770734589777
32.347355,0.7035054609669615,32.347355,0.02334381310619456
32.36856,0.7046796422104153,32.36856,0.02337516087215346
32.389765,0.7058446536240546,32.389765,0.02340245819698175
32.41097,0.7070005173114344,32.41097,0.02342501822060852
32.432175,0.7081494409403387,32.432175,0.02344420406228735
32.453379,0.7092907310368289,32.453379,0.02345935068921127
32.474584,0.7104251277878062,32.474584,0.02347045360279019
32.495789,0.711553389669965,32.495789,0.02347821012805326
32.516994,0.7126762239379562,32.516994,0.02348191147380961
32.538199,0.7137944025102039,32.538199,0.02348295243147467
32.559403,0.7149086232977334,32.559403,0.02348062319148867
32.580608,0.7160182306179796,32.580608,0.02347565925171
32.601813,0.7171246620748251,32.601813,0.02346872292929726
32.623018,0.7182286053826561,32.623018,0.02345910462731184
32.644223,0.7193308121108855,32.644223,0.02344818227722454
32.665428,0.720430574624467,32.665428,0.02343529077565971
32.686632,0.7215293339099358,32.686632,0.02342177816724699
32.707837,0.7226277858576319,32.707837,0.02340762468734146
32.729042,0.7237252641560535,32.729042,0.02339354564296287
32.750247,0.7248224623137216,32.750247,0.0233795182697654
32.771452,0.7259200918045584,32.771452,0.02336620819770165
32.792657,0.7270188817050613,32.792657,0.02335496426197124
32.813861,0.7281181183825538,32.813861,0.02334511334199383
32.835066,0.7292178214822186,32.835066,0.0233373341937927
32.856271,0.73031940010473,32.856271,0.02333294172050796
32.877476,0.7314228452371638,32.877476,0.02333192094166339
32.898681,0.7325274877995942,32.898681,0.02333496050959997
32.919885,0.7336340243682162,32.919885,0.02334270144401705
32.94109,0.7347417660424882,32.94109,0.02335514434197509
32.962295,0.7358514504318737,32.962295,0.02337428293428689
32.9835,0.7369630252860209,32.9835,0.023398731562289
33.004705,0.7380758695264042,33.004705,0.02343051807275124
33.02591,0.7391906530495205,33.02591,0.02346958789106574
33.047114,0.7403067353529663,33.047114,0.02351727894478657
33.068319,0.7414240895749303,33.068319,0.02357287852626979
33.089524,0.7425420593419662,33.089524,0.02363704490430343
33.110729,0.7436606856904467,33.110729,0.02371108267425588
33.131934,0.744780637834321,33.131934,0.02379492578047164
33.153139,0.7458999027530728,33.153139,0.02388859407841852
33.174343,0.7470191759284204,33.174343,0.02399269065312105
33.195548,0.7481385031923443,33.195548,0.02410850387065678
33.216753,0.7492565332093774,33.216753,0.02423535757802417
33.237958,0.7503732757854678,33.237958,0.02437320276479148
33.259163,0.7514888061884439,33.259163,0.02452398471971198
33.280367,0.7526017648759592,33.280367,0.02468636251877793
33.301572,0.7537128535961028,33.301572,0.02486092669190601
33.322777,0.7548207639428209,33.322777,0.02504766813944218
33.343982,0.7559262220197609,33.343982,0.02524783430452434
33.365187,0.7570272237139936,33.365187,0.0254601147703002
33.386392,0.7581251590941206,33.386392,0.02568573244986115
33.407596,0.7592180555688431,33.407596,0.02592404099933224
33.428801,0.760306601893398,33.428801,0.02617496671795348
33.450006,0.7613895611820023,33.450006,0.02643981612874765
33.471211,0.7624675788910796,33.471211,0.02671720157547846
33.492416,0.7635394029663612,33.492416,0.02700777447749938
33.513621,0.7646050727105754,33.513621,0.02731148503366602
33.534825,0.7656639990429648,33.534825,0.02762895999608429
33.55603,0.766716177671635,33.55603,0.02795884660357421
33.577235,0.7677610243334291,33.577235,0.02830177530679568
33.59844,0.7687986089045282,33.59844,0.02865835050273363
33.619645,0.7698276318869004,33.619645,0.02902727711296674
33.640849,0.7708488409244307,33.640849,0.02940978671358276
33.662054,0.7718616137217545,33.662054,0.02980521325457852
33.683259,0.7728647098004827,33.683259,0.03021356739917407
33.704464,0.773859475986468,33.704464,0.03063476087797438
33.725669,0.774844031015254,33.725669,0.03106883325726501
33.746874,0.775819103542802,33.746874,0.03151636752477961
33.768078,0.7767840819933181,33.768078,0.03197671087216443
33.789283,0.7777383835681594,33.789283,0.03244985786121773
33.810488,0.7786820695838457,33.810488,0.03293577828715945
33.831693,0.7796139208927377,33.831693,0.03343449789884685
33.852898,0.7805340310916591,33.852898,0.03394663005652919
33.874102,0.7814418000528632,33.874102,0.03447153709742392
33.895307,0.7823372954360289,33.895307,0.03500919636553308
33.916512,0.7832199475482928,33.916512,0.03555961526156448
33.937717,0.7840885530836565,33.937717,0.03612283317822915
33.958922,0.7849431854907721,33.958922,0.03669883442836597
33.980127,0.7857832527835477,33.980127,0.03728699981351073
34.001331,0.7866088589844126,34.001331,0.03788795366286433
34.022536,0.7874181469471868,34.022536,0.03850114468092563
34.043741,0.7882105625323269,34.043741,0.03912660076632146
34.064946,0.788986785963243,34.064946,0.03976365708292304
34.086151,0.7897456301905115,34.086151,0.0404123793534647
34.107356,0.7904859126126399,34.107356,0.0410728382150309
34.12856,0.7912076487101206,34.12856,0.04174378249988413
34.149765,0.7919096574526805,34.149765,0.04242529395091706
34.17097,0.792591356322211,34.17097,0.04311679622469577
34.192175,0.7932528250755795,34.192175,0.04381831227224213
34.21338,0.7938927808739779,34.21338,0.04452805322285897
34.234584,0.7945100808042758,34.234584,0.04524675126036051
34.255789,0.7951053582787262,34.255789,0.04597315263870486
34.276994,0.7956773601026162,34.276994,0.04670611715684255
34.298199,0.7962255315586213,34.298199,0.04744572800378565
34.319404,0.7967492045497052,34.319404,0.04819019558569851
34.340609,0.7972484443364281,34.340609,0.04893957495580305
34.361813,0.7977219487000204,34.361813,0.04969212651676283
34.383018,0.7981697369884367,34.383018,0.05044728976060306
34.404223,0.798591784079193,34.404223,0.05120388265344965
34.425428,0.7989874755425848,34.425428,0.05196139022305267
34.446633,0.7993566934720044,34.446633,0.0527173918028571
34.467838,0.799698852804944,34.467838,0.05347200367990278
34.489042,0.8000138208033407,34.489042,0.05422281324645194
34.510247,0.800302246138849,34.510247,0.05496985696622358
34.531452,0.8005633577312115,34.531452,0.05571076863472237
34.552657,0.8007977484666108,34.552657,0.05644496389575533
34.573862,0.8010052959626308,34.573862,0.05717065821015049
34.595066,0.8011865796869377,34.595066,0.05788726518375072
34.616271,0.8013420831860789,34.616271,0.05859295422663717
34.637476,0.8014710859277715,34.637476,0.05928660538638843
34.658681,0.8015753896043575,34.658681,0.05996753471152066
34.679886,0.8016554092089671,34.679886,0.06063328387937023
34.701091,0.8017110245233299,34.701091,0.06128267979002985
34.722295,0.8017434457959569,34.722295,0.06191569168453603
34.7435,0.8017531164912891,34.7435,0.06253047100010205
34.764705,0.8017418104903898,34.764705,0.06312630741939666
34.78591,0.8017099605914274,34.78591,0.06370134152047366
34.807115,0.8016587129845001,34.807115,0.06425489945494542
34.82832,0.8015885922918394,34.82832,0.06478635112747809
34.849524,0.8015019303730722,34.849524,0.06529429065210175
34.870729,0.8013986285648725,34.870729,0.06577812604246652
34.891934,0.8012810666502383,34.891934,0.06623705739345416
34.913139,0.8011498168209203,34.913139,0.06667105063064557
34.934344,0.801007208624207,34.934344,0.06707867222853883
34.955548,0.8008531441027968,34.955548,0.0674593093600509
34.976753,0.8006907311292892,34.976753,0.06781332403263761
34.997958,0.8005204964776899,34.997958,0.06814004168539141
35.019163,0.800344208896698,35.019163,0.06843867849747864
35.040368,0.8001637996264437,35.040368,0.06871030659680827
35.061573,0.7999797508404158,35.061573,0.06895362031607712
35.082777,0.7997946224134894,35.082777,0.06916963236519375
35.103982,0.7996095775212468,35.103982,0.06935759845688737
35.125187,0.7994265651271373,35.125187,0.06951858047294386
35.146392,0.7992461895994221,35.146392,0.06965250597929187
35.167597,0.7990704089188911,35.167597,0.06976043584872406
35.188802,0.7989010230302634,35.188802,0.06984156784323751
35.210006,0.7987394317659874,35.210006,0.069897638428294
35.231211,0.7985863088690754,35.231211,0.06992919785850656
35.252416,0.7984442496481455,35.252416,0.06993725613855661
35.273621,0.7983133125787625,35.273621,0.06992242158618987
35.294826,0.7981954228073769,35.294826,0.06988514141537677
35.31603,0.7980920495468943,35.31603,0.06982778494240029
35.337235,0.7980032022868156,35.337235,0.06975034666589534
35.35844,0.7979308656502417,35.35844,0.06965390410697815
35.379645,0.7978758897672907,35.379645,0.06954089064676816
35.40085,0.797838961627739,35.40085,0.06941187716254867
35.422055,0.7978208220129738,35.422055,0.06926805928750419
35.443259,0.7978223185012115,35.443259,0.06911187957687633
35.464464,0.7978440812278593,35.464464,0.06894329518036572
35.485669,0.797886954006247,35.485669,0.06876475385956797
35.506874,0.7979504797980839,35.506874,0.06857819048350849
35.528079,0.7980353359563546,35.528079,0.06838418994893311
35.549284,0.7981423039346455,35.549284,0.0681845827889561
35.570488,0.798270917700259,35.570488,0.06798130659242779
35.591693,0.7984212767497647,35.591693,0.06777562369115052
35.612898,0.7985929084016744,35.612898,0.06756947054288025
35.634103,0.798786474750918,35.634103,0.06736343403508305
35.655308,0.7990015488164229,35.655308,0.06716007006430605
35.676512,0.7992369741393476,35.676512,0.06696074097126188
35.697717,0.7994927827008104,35.697717,0.06676608113919114
35.718922,0.7997678658496532,35.718922,0.06657806880429201
35.740127,0.8000629234372838,35.740127,0.06639790251968128
35.761332,0.8003755495032662,35.761332,0.06622703558710309
35.782537,0.8007063891255385,35.782537,0.06606603958508712
35.803741,0.8010537069851953,35.803741,0.0659169285898778
35.824946,0.8014162861287417,35.824946,0.06578042012928512
35.846151,0.8017935808420829,35.846151,0.06565779679192579
35.867356,0.80218432480451,35.867356,0.0655491492093344
35.888561,0.8025879737282453,35.888561,0.06545575278927356
35.909766,0.803002077610668,35.909766,0.0653784111695087
35.93097,0.8034266140245642,35.93097,0.0653171043676623
35.952175,0.8038604757245832,35.952175,0.06527376526716744
35.97338,0.80430107203904,35.97338,0.0652473331497098
35.994585,0.8047484882184623,35.994585,0.06523901662272863
36.01579,0.8052008092717389,36.01579,0.06524831991601923
36.036994,0.8056568420228977,36.036994,0.06527593046681446
36.058199,0.8061153471268132,36.058199,0.06532191725127438
36.079404,0.8065757051022896,36.079404,0.06538629872729884
36.100609,0.8070353527384523,36.100609,0.06546801180483479
36.121814,0.8074950091385723,36.121814,0.06556820711063252
36.143019,0.8079514547041619,36.143019,0.06568525830482254
36.164223,0.8084059787983753,36.164223,0.06581965175355399
36.185428,0.8088554704943974,36.185428,0.06597099475309735
36.206633,0.8092998451937523,36.206633,0.06613803316270941
36.227838,0.8097385057001578,36.227838,0.06632079322146718
36.249043,0.8101695303057191,36.249043,0.06651817673229964
36.270248,0.810593502511692,36.270248,0.06672950107840248
36.291452,0.8110092181031311,36.291452,0.06695484932588629
36.312657,0.8114153240203477,36.312657,0.06719247022580607
36.333862,0.8118124561500131,36.333862,0.06744230097139922
36.355067,0.8121986509781339,36.355067,0.06770264877167395
36.376272,0.8125752068776028,36.376272,0.06797401586031881
36.397476,0.812940721030095,36.397476,0.068254054157469
36.418681,0.8132952685353751,36.418681,0.06854337183147557
36.439886,0.813638666922717,36.439886,0.06883952579569344
36.461091,0.8139704316466234,36.461091,0.06914378927272115
36.482296,0.8142909877280667,36.482296,0.06945367301410778
36.503501,0.8146003030060234,36.503501,0.06976857213319715
36.524705,0.8148983965832085,36.524705,0.07008849230711187
36.54591,0.8151846258042568,36.54591,0.07041288339236031
36.567115,0.8154606765124318,36.567115,0.07073976914093488
36.58832,0.8157260074464207,36.58832,0.07106981936432605
36.609525,0.8159805272319901,36.609525,0.07140182645980656
36.630729,0.8162248571468961,36.630729,0.0717357471869572
36.651934,0.8164601712329884,36.651934,0.07207087629410928
36.673139,0.8166858182711554,36.673139,0.07240666934217113
36.694344,0.8169018080260563,36.694344,0.07274313683255379
36.715549,0.8171099168120449,36.715549,0.07307951937846284
36.736754,0.8173101513698661,36.736754,0.07341582617006551
36.757958,0.8175025182207032,36.757958,0.07375206639268443
36.779163,0.8176876301686932,36.779163,0.07408819427475237
36.800368,0.8178666502546796,36.800368,0.07442350165646912
36.821573,0.8180384252561785,36.821573,0.07475871317517686
36.842778,0.8182047783678432,36.842778,0.07509367046543608
36.863983,0.8183657690203255,36.863983,0.07542898583587611
36.885187,0.8185213453105104,36.885187,0.07576405961224442
36.906392,0.8186727779413743,36.906392,0.07609939120812123
36.927597,0.8188188592435114,36.927597,0.07643509830467544
36.948802,0.8189615222094766,36.948802,0.07677222713757484
36.970007,0.8190995035860177,36.970007,0.07711028968212179
36.991211,0.8192341315798509,36.991211,0.07745038634759999
37.012416,0.8193648058609649,37.012416,0.07779257730385834
37.033621,0.8194921935652343,37.033621,0.07813741302576881
37.054826,0.8196156952968783,37.054826,0.07848495382546271
37.076031,0.8197354328056622,37.076031,0.07883641161979747
37.097236,0.8198514130155536,37.097236,0.07919178886475647
37.11844,0.8199637014727575,37.11844,0.07955169220642284
37.139645,0.8200712156524798,37.139645,0.07991744954473921
37.16085,0.8201750550257314,37.16085,0.08028773808285852
37.182055,0.8202736536987389,37.182055,0.08066515327127802
37.20326,0.8203669044749338,37.20326,0.0810484913973411
37.224465,0.8204549377206917,37.224465,0.08143896383343675
37.245669,0.8205359556259938,37.245669,0.08183675503746903
37.266874,0.8206106352837275,37.266874,0.08224241448767669
37.288079,0.8206777844124389,37.288079,0.08265606951766763
37.309284,0.8207368757639996,37.309284,0.08307839212966779
37.330489,0.82078732243743,37.330489,0.08350945260271754
37.351693,0.8208272706891904,37.351693,0.08394884339325528
37.372898,0.8208574635565867,37.372898,0.08439772198675295
37.394103,0.8208754460759408,37.394103,0.08485574801022371
37.415308,0.8208817761870388,37.415308,0.08532227420778001
37.436513,0.820874725931399,37.436513,0.08579810996140458
37.457718,0.820853045166843,37.457718,0.08628280106532871
37.478922,0.8208160849400724,37.478922,0.08677583359638993
37.500127,0.8207632587102747,37.500127,0.08727729858737068
37.521332,0.8206933128505144,37.521332,0.08778675160610559
37.542537,0.820604927055377,37.542537,0.08830315004324858
37.563742,0.8204974448281166,37.563742,0.08882599264555625
37.584947,0.8203696704605399,37.584947,0.08935544869527935
37.606151,0.8202208114274149,37.606151,0.08988981865955088
37.627356,0.82005026826414,37.627356,0.09042921253714414
37.648561,0.8198565701518085,37.648561,0.09097140001718809
37.669766,0.819639041851827,37.669766,0.09151589439972063
37.690971,0.8193970043363205,37.690971,0.09206221111474505
37.712175,0.8191296382876246,37.712175,0.09260866223639615
37.73338,0.818836185207684,37.73338,0.09315416365075926
37.754585,0.8185164142376085,37.754585,0.09369696033699429
37.77579,0.8181694836850838,37.77579,0.09423536508931475
37.796995,0.8177946831670522,37.796995,0.09476889688235923
37.8182,0.8173922930129626,37.8182,0.09529512409871077
37.839404,0.8169621223953532,37.839404,0.09581288759201502
37.860609,0.8165032990145488,37.860609,0.09632049263599932
37.881814,0.8160161499265153,37.881814,0.0968160985626504
37.903019,0.8155003906802338,37.903019,0.09729793008905202
37.924224,0.8149569385304918,37.924224,0.09776406118299337
37.945429,0.8143855682129555,37.945429,0.09821330721210046
37.966633,0.813787186322945,37.966633,0.09864372571743038
37.987838,0.8131620154702657,37.987838,0.09905283137631417
38.009043,0.8125104198506069,38.009043,0.09943934013160785
38.030248,0.8118340485457148,38.030248,0.09980241669481735
38.051453,0.8111323566761153,38.051453,0.1001384044557765
38.072657,0.8104083550476913,38.072657,0.1004475083369661
38.093862,0.8096615704181026,38.093862,0.1007266529370857
38.115067,0.8088943373904792,38.115067,0.1009754874332507
38.136272,0.8081074759654713,38.136272,0.1011913667823734
38.157477,0.8073033325765091,38.157477,0.1013739157236094
38.178682,0.8064828132836614,38.178682,0.1015210723048631
38.199886,0.805647670125121,38.199886,0.101632516342142
38.221091,0.8048000448031006,38.221091,0.1017060082545421
38.242296,0.8039417875536659,38.242296,0.1017418192042169
38.263501,0.8030744504090862,38.263501,0.1017377653570979
38.284706,0.8022012114972354,38.284706,0.1016945609540271
38.305911,0.8013236506421567,38.305911,0.1016100048148466
38.327115,0.8004432129871948,38.327115,0.1014856503022152
38.34832,0.7995634276660313,38.34832,0.1013196667042125
38.369525,0.7986862317195941,38.369525,0.1011122976617838
38.39073,0.7978135771308369,38.39073,0.10086378861763
38.411935,0.7969474308199738,38.411935,0.1005743878457976
38.433139,0.7960910889733716,38.433139,0.1002448100542291
38.454344,0.7952458553566397,38.454344,0.09987477390168939
38.475549,0.7944150601158546,38.475549,0.09946500761009808
38.496754,0.7935996485152708,38.496754,0.09901718095139496
38.517959,0.7928029794211863,38.517959,0.09853204645753441
38.539164,0.7920259421913189,38.539164,0.09801067852048803
38.560368,0.7912712992472434,38.560368,0.09745393277041528
38.581573,0.7905413556650361,38.581573,0.09686400268785679
38.602778,0.7898370995930459,38.602778,0.09624263033373125
38.623983,0.7891606181075079,38.623983,0.09559017298772922
38.645188,0.7885130576390733,38.645188,0.09490965212938229
38.666393,0.7878966622495012,38.666393,0.09420270900512626
38.687597,0.7873124261594816,38.687597,0.09347115268963516
38.708802,0.786761414082551,38.708802,0.09271743465592237
38.730007,0.7862440569009824,38.730007,0.09194409721192215
38.751212,0.7857625136064299,38.751212,0.09115222317143369
38.772417,0.785316573772413,38.772417,0.09034445772509728
38.793621,0.7849073425103481,38.793621,0.08952394275643254
38.814826,0.7845350689458576,38.814826,0.08869201996730883
38.836031,0.7841995046059708,38.836031,0.08785136893782659
38.857236,0.7839015753818631,38.857236,0.08700390730402145
38.878441,0.7836404436190022,38.878441,0.08615303172487114
38.899646,0.7834163065649793,38.899646,0.08530011366882016
38.92085,0.7832288560122616,38.92085,0.08444785900350504
38.942055,0.7830776994367848,38.942055,0.08359834540950897
38.96326,0.7829624300191492,38.96326,0.08275365140881069
38.984465,0.7828813633075163,38.984465,0.08191598753744951
39.00567,0.7828346298719575,39.00567,0.081086729658833
39.026875,0.7828205836151072,39.026875,0.08026871203337553
39.048079,0.7828386979116074,39.048079,0.07946336859170439
39.069284,0.7828865395832696,39.069284,0.07867231953277054
39.090489,0.7829642576843018,39.090489,0.07789755330643984
39.111694,0.7830699688864855,39.111694,0.07713997777988661
39.132899,0.7832019076304033,39.132899,0.07640175466507906
39.154103,0.7833588090900993,39.154103,0.07568370880882118
39.175308,0.7835387722969461,39.175308,0.07498671677440996
39.196513,0.783740645545164,39.196513,0.07431284868412984
39.217718,0.7839624599379775,39.217718,0.07366232817393924
39.238923,0.7842029973771362,39.238923,0.07303657368253502
39.260128,0.7844590240759876,39.260128,0.07243590583578496
39.281332,0.7847305267339494,39.281332,0.07186097402722635
39.302537,0.7850142754159535,39.302537,0.07131207896867543
39.323742,0.7853096848732712,39.323742,0.07079054425385217
39.344947,0.7856140487749311,39.344947,0.07029533151312228
39.366152,0.7859261559726138,39.366152,0.06982780708205914
39.387357,0.786243311171071,39.387357,0.06938691779615012
39.408561,0.7865642554650283,39.408561,0.06897338599238206
39.429766,0.786888308445157,39.429766,0.06858724347632308
39.450971,0.7872115320067491,39.450971,0.06822753201173828
39.472176,0.7875338339999706,39.472176,0.0678935909692002
39.493381,0.787853344271954,39.493381,0.06758618261525036
39.514585,0.7881680354323365,39.514585,0.06730417577883878
39.53579,0.7884765169120649,39.53579,0.06704638485244289
39.556995,0.7887768813403477,39.556995,0.06681293689851488
39.5782,0.7890677489682832,39.5782,0.0666026460575978
39.599405,0.7893483742455677,39.599405,0.06641427500259953
39.62061,0.7896161292035561,39.62061,0.06624674707792738
39.641814,0.7898709586228549,39.641814,0.0660994045040325
39.663019,0.7901109236954666,39.663019,0.06597174958194933
39.684224,0.7903351362469953,39.684224,0.06586066797836598
39.705429,0.790542396932576,39.705429,0.06576687120353682
39.726634,0.7907318745930318,39.726634,0.0656878793797618
39.747838,0.7909021641814934,39.747838,0.06562189655115175
39.769043,0.7910532736852496,39.769043,0.06556890885282883
39.790248,0.7911836952602058,39.790248,0.06552587004835808
39.811453,0.7912927053095907,39.811453,0.06549156797764794
39.832658,0.7913802590575832,39.832658,0.06546536814261156
39.853863,0.7914461029524663,39.853863,0.06544412791569561
39.875067,0.7914895624353654,39.875067,0.06542726835292774
39.896272,0.7915098577375225,39.896272,0.06541295663454572
39.917477,0.7915080378489451,39.917477,0.0653985778093624
39.938682,0.791484050690308,39.938682,0.06538350324920034
39.959887,0.7914371112328338,39.959887,0.06536590117617141
39.981092,0.7913682632353797,39.981092,0.06534315615411475
40.002296,0.7912774493879761,40.002296,0.06531463779231182
40.023501,0.7911650829780855,40.023501,0.06527777970887845
40.044706,0.7910323593633113,40.044706,0.06523184467640789
40.065911,0.790879741968306,40.065911,0.06517488976480278
40.087116,0.7907076937821694,40.087116,0.06510496913690313
40.10832,0.7905174610022311,40.10832,0.06502196666830477
40.129525,0.7903100837840195,40.129525,0.06492325107928416
40.15073,0.7900867071361477,40.15073,0.06480744396472501
40.171935,0.7898492097414297,40.171935,0.0646743699556563
40.19314,0.7895974829652836,40.19314,0.06452274874113295
40.214345,0.7893339362520944,40.214345,0.06435109104922286
40.235549,0.7890591980862161,40.235549,0.06415931798626397
40.256754,0.7887762646891536,40.256754,0.06394525578159625
40.277959,0.788484614665664,40.277959,0.06371018415026476
40.299164,0.7881879348049212,40.299164,0.06345250642840433
40.320369,0.7878861885145712,40.320369,0.06317156046844387
40.341574,0.7875820162555062,40.341574,0.06286837304311524
40.362778,0.7872772315927613,40.362778,0.06254150129603814
40.383983,0.78697201062047,40.383983,0.06219280907005986
40.405188,0.7866694388128199,40.405188,0.06182075672520389
40.426393,0.7863702810719638,40.426393,0.06142653297394832
40.447598,0.7860765187333885,40.447598,0.06101059993151396
40.468802,0.7857895047223554,40.468802,0.06057347382976042
40.490007,0.7855105947334857,40.490007,0.06011567548114572
40.511212,0.7852405619697128,40.511212,0.05963841180405842
40.532417,0.7849814460807283,40.532417,0.05914279914741513
40.553622,0.7847333399192068,40.553622,0.05862947024111002
40.574827,0.7844989181993582,40.574827,0.05809950650361177
40.596031,0.7842770524430157,40.596031,0.05755427863073896
40.617236,0.7840704154961494,40.617236,0.0569948809657893
40.638441,0.7838785078350866,40.638441,0.05642264656821648
40.659646,0.7837014602759748,40.659646,0.05583886494812691
40.680851,0.7835413495324164,40.680851,0.05524532945942395
40.702056,0.7833970285529784,40.702056,0.05464342911674073
40.72326,0.7832692065533204,40.72326,0.05403378512253423
40.744465,0.7831574064835864,40.744465,0.05341838007743694
40.76567,0.7830616939233253,40.76567,0.05279788338624601
40.786875,0.7829828520620441,40.786875,0.05217419499343377
40.80808,0.7829190303804777,40.80808,0.0515481147269943
40.829284,0.7828709592643617,40.829284,0.05092090788175277
40.850489,0.7828367793432671,40.850489,0.05029337026427056
40.871694,0.7828172122109779,40.871694,0.04966676689464693
40.892899,0.7828110263241884,40.892899,0.049041848810266
40.914104,0.7828176623830017,40.914104,0.04841996012789894
40.935309,0.7828358032079437,40.935309,0.04780057305332544
40.956513,0.7828648840570283,40.956513,0.04718502611660012
40.977718,0.7829036612609304,40.977718,0.04657405732561444
40.998923,0.7829520866273815,40.998923,0.04596705292022318
41.020128,0.7830082411587252,41.020128,0.0453641457814485
41.041333,0.7830721874975231,41.041333,0.04476662632091103
41.062538,0.7831419312956245,41.062538,0.04417334664071419
41.083742,0.7832174620720608,41.083742,0.04358431936602976
41.104947,0.7832981328321401,41.104947,0.04299959183895809
41.126152,0.7833826257002627,41.126152,0.04241860734439423
41.147357,0.7834702951573784,41.147357,0.04184140764828238
41.168562,0.7835604622393322,41.168562,0.04126739614654445
41.189766,0.7836530201927557,41.189766,0.04069466865852936
41.210971,0.7837473944667982,41.210971,0.04012453530565735
41.232176,0.7838428463253675,41.232176,0.03955512274603327
41.253381,0.7839387060408367,41.253381,0.03898582856605111
41.274586,0.7840362144729492,41.274586,0.03841595508473694
41.295791,0.7841340694207437,41.295791,0.03784493131630146
41.316995,0.7842328792137095,41.316995,0.03727209197006211
41.3382,0.7843325583084774,41.3382,0.03669553137265055
41.359405,0.7844331439998072,41.359405,0.0361158885453812
41.38061,0.7845352213057238,41.38061,0.03553186554659101
41.401815,0.7846394072824741,41.401815,0.0349428027008712
41.42302,0.7847456848798511,41.42302,0.03434807036132589
41.444224,0.7848546749605253,41.444224,0.03374701182907797
41.465429,0.7849676361055625,41.465429,0.03313894586668255
41.486634,0.7850845833648189,41.486634,0.03252388410247851
41.507839,0.7852061417774446,41.507839,0.03190117685948994
41.529044,0.7853342096235072,41.529044,0.03127012639850871
41.550248,0.785468854145476,41.550248,0.03063202299240216
41.571453,0.7856106526271599,41.571453,0.02998495491529389
41.592658,0.7857609424763132,41.592658,0.02933016742645584
41.613863,0.7859209865588064,41.613863,0.02866700391682974
41.635068,0.7860914816572541,41.635068,0.02799674149070065
41.656273,0.7862723960658792,41.656273,0.02731814077089933
41.677477,0.7864657148655417,41.677477,0.02663307453088535
41.698682,0.7866720819174899,41.698682,0.02594155871180445
41.719887,0.7868921603389363,41.719887,0.02524424692634352
41.741092,0.7871266097067249,41.741092,0.02454179513407315
41.762297,0.7873754514467221,41.762297,0.02383488076179865
41.783502,0.7876406066006797,41.783502,0.02312412520045953
41.804706,0.7879221065322051,41.804706,0.02241084474417936
41.825911,0.7882199767808321,41.825911,0.02169635444897528
41.847116,0.7885348538125898,41.847116,0.02098131733810731
41.868321,0.7888667362382767,41.868321,0.02026641416804649
41.889526,0.7892162836039018,41.889526,0.01955357526270345
41.91073,0.7895834679501217,41.91073,0.01884284639168744
41.931935,0.7899676855168343,41.931935,0.01813681782518265
41.95314,0.7903688857921294,41.95314,0.0174348968534981
41.974345,0.7907870997187598,41.974345,0.01674028319974876
41.99555,0.7912216372760373,41.99555,0.01605239215111219
42.016755,0.7916718601285075,42.016755,0.01537316230745455
42.037959,0.7921377314545575,42.037959,0.01470325113615441
42.059164,0.7926173421132634,42.059164,0.01404460817160529
42.080369,0.7931106393539582,42.080369,0.0133972480922147
42.101574,0.793615700922476,42.101574,0.01276247431625524
42.122779,0.7941318640434759,42.122779,0.01214156040900549
42.143984,0.794656558316352,42.143984,0.01153454269529986
42.165188,0.7951891322202591,42.165188,0.01094330851291066
42.186393,0.7957257568968573,42.186393,0.01036726526507211
42.207598,0.7962651584508772,42.207598,0.009808290513670404
42.228803,0.7968028957472536,42.228803,0.009265779579121775
42.250008,0.7973339426689687,42.250008,0.008741632115483327
42.271212,0.797853250032976,42.271212,0.008234597026117842
42.292417,0.7983501799468614,42.292417,0.007746600621310868
42.313622,0.7988115895533109,42.313622,0.007277060167905904
42.334827,0.7992106079037521,42.334827,0.006826110597191921
42.356032,0.7994960235002214,42.356032,0.006394653443824895
42.377237,0.7995378676153647,42.377237,0.005983456436239051
42.398441,0.7987986693355247,42.398441,0.005595903162580803
