0.01,2.364537375471151,0.01,0
0.031205,2.364559155529842,0.031205,0
0.05241,2.364603560853278,0.05241,0
0.073614,2.36467037872089,0.073614,0
0.094819,2.36475981867081,0.094819,0
0.116024,2.364871666708365,0.116024,0
0.137229,2.36500634248621,0.137229,0
0.158434,2.365163419301085,0.158434,0
0.179639,2.365343315461838,0.179639,0
0.200843,2.365545603026921,0.200843,0
0.222048,2.365770910295416,0.222048,0
0.243253,2.366018808040207,0.243253,0
0.264458,2.366289500462697,0.264458,0
0.285663,2.366583191016111,0.285663,0
0.306868,2.366899871139462,0.306868,0
0.328072,2.367239531606381,0.328072,0
0.349277,2.367602162526466,0.349277,0
0.370482,2.367988175646154,0.370482,0
0.391687,2.368397348419391,0.391687,0
0.412892,2.36882987991962,0.412892,0
0.434096,2.369285968387945,0.434096,0
0.455301,2.369765600222942,0.455301,0
0.476506,2.370268972078907,0.476506,0
0.497711,2.370796068834264,0.497711,0
0.518916,2.371347296369724,0.518916,0
0.540121,2.371922427062066,0.540121,0
0.561325,2.372521654274203,0.561325,0
0.58253,2.373145381134498,0.58253,0
0.603735,2.373793377697393,0.603735,0
0.6249400000000001,2.374466255814136,0.6249400000000001,0
0.646145,2.375163994338075,0.646145,0
0.66735,2.375886571366571,0.66735,0
0.688554,2.376634385007505,0.688554,0
0.709759,2.377407411446343,0.709759,0
0.7309639999999999,2.378206256824668,0.7309639999999999,0
0.752169,2.379030684963941,0.752169,0
0.773374,2.379881089466446,0.773374,0
0.794578,2.380757652513166,0.794578,0
0.815783,2.38166076509649,0.815783,0
0.836988,2.382590606881509,0.836988,0
0.858193,2.383547146586364,0.858193,0
0.879398,2.384530981136542,0.879398,0
0.900603,2.385542286357548,0.900603,0
0.921807,2.386581446336999,0.921807,0
0.943012,2.387648424705782,0.943012,0
0.964217,2.388744021447254,0.964217,0
0.985422,2.389867987985947,0.985422,0
1.006627,2.391021120776644,1.006627,0
1.027832,2.392203586653945,1.027832,0
1.049036,2.393415759954797,1.049036,0
1.070241,2.394658013161796,1.070241,0
1.091446,2.395930925548564,1.091446,0
1.112651,2.397234656849438,1.112651,2.085736573895207e-07
1.133856,2.398569782182716,1.133856,2.084575582141272e-07
1.15506,2.399936665831032,1.15506,4.166776624722833e-07
1.176265,2.401335878214684,1.176265,1.041087180964735e-06
1.19747,2.402767779042072,1.19747,1.664746811943145e-06
1.218675,2.404232933807268,1.218675,1.871698842788058e-06
1.23988,2.405731905264688,1.23988,2.909717406449673e-06
1.261085,2.407265045652229,1.261085,4.361796395857654e-06
1.282289,2.408832912434345,1.282289,5.189234975774062e-06
1.303494,2.410436889869002,1.303494,6.430369558790798e-06
1.324699,2.412076905922194,1.324699,9.120770546737137e-06
1.345904,2.413752887134341,1.345904,1.222163219658456e-05
1.367109,2.415466207631554,1.367109,1.448995638581866e-05
1.388314,2.41721823596917,1.388314,1.737534467307225e-05
1.409518,2.419009094740204,1.409518,2.08763167157185e-05
1.430723,2.42083993701041,1.430723,2.499132597536118e-05
1.451928,2.422711291287708,1.451928,3.054429154068451e-05
1.473133,2.424623888630415,1.473133,3.629428894627782e-05
1.494338,2.426579073892827,1.494338,4.306474127478418e-05
1.515542,2.428577567773318,1.515542,5.188222178776246e-05
1.536747,2.430620086270806,1.536747,6.150693843288823e-05
1.557952,2.432708162793832,1.557952,7.296395133403549e-05
1.579157,2.434842501567339,1.579157,8.62478784006852e-05
1.600362,2.437024212107381,1.600362,0.0001019686217171857
1.621567,2.439255012146359,1.621567,0.0001195037003300045
1.642771,2.44153558640431,1.642771,0.0001402805684697823
1.663976,2.443867841555838,1.663976,0.0001642887529238869
1.685181,2.446252243173016,1.685181,0.0001929482134629633
1.706386,2.448690476708957,1.706386,0.0002252224220438088
1.727591,2.451184217662962,1.727591,0.0002625261681121354
1.748795,2.45373492724396,1.748795,0.0003052489458758605
1.77,2.456344260339495,1.77,0.0003539813266564782
1.791205,2.459013860887074,1.791205,0.0004099204221794709
1.81241,2.461745158481117,1.81241,0.0004746632672250114
1.833615,2.464539774581907,1.833615,0.0005481753688593599
1.85482,2.467399521605877,1.85482,0.0006318393054503571
1.876024,2.470325996416661,1.876024,0.0007270295510006347
1.897229,2.473321794012344,1.897229,0.0008347073983652029
1.918434,2.476388078540447,1.918434,0.0009568371050294165
1.939639,2.479527212787211,1.939639,0.001094966808994242
1.960844,2.482740937974156,1.960844,0.001251036687917349
1.982049,2.486031181558008,1.982049,0.00142677212832748
2.003253,2.489399654326609,2.003253,0.001624488053965733
2.024458,2.492848653399331,2.024458,0.001846281359168708
2.045663,2.496379856409683,2.045663,0.002094633149107523
2.066868,2.499995525846178,2.066868,0.002372604246158543
2.088073,2.503697305290246,2.088073,0.002682632595325406
2.109277,2.507487222697912,2.109277,0.00302852988890978
2.130482,2.511366292934379,2.130482,0.00341427693129592
2.151687,2.515336112057853,2.151687,0.003841434929384006
2.172892,2.51939885986596,2.172892,0.004314521282500827
2.194097,2.523555707390847,2.194097,0.004838212988221939
2.215302,2.5278076142666,2.215302,0.005416155850915975
2.236506,2.532156123888181,2.236506,0.006052746848984108
2.257711,2.536601586261759,2.257711,0.006753327007591116
2.278916,2.541144934971276,2.278916,0.00752200306914649
2.300121,2.545786313400038,2.300121,0.008363820595595352
2.321326,2.550526652071154,2.321326,0.009284553047414839
2.342531,2.555365116457091,2.342531,0.01028972330829011
2.363735,2.560301662808296,2.363735,0.01138440068348401
2.38494,2.565335484749374,2.38494,0.01257574309161042
2.406145,2.570465389596725,2.406145,0.01386791673767394
2.42735,2.575689650462015,2.42735,0.01527008504030949
2.448555,2.581005951332509,2.448555,0.01678454091809995
2.469759,2.586412816547314,2.469759,0.01841894677261723
2.490964,2.591907641402199,2.490964,0.02017973139340104
2.512169,2.597487863857939,2.512169,0.02207267290744719
2.533374,2.603148326639199,2.533374,0.02410830737448726
2.554579,2.608884238770558,2.554579,0.02628633305413257
2.575784,2.61469287081122,2.575784,0.02861483305945109
2.596988,2.620569249857412,2.596988,0.03109973148178948
2.618193,2.626507553894845,2.618193,0.03374804685733972
2.639398,2.632501830971532,2.639398,0.03656350733267198
2.660603,2.638545884134905,2.660603,0.03955227787680354
2.681808,2.644632840722925,2.681808,0.0427184062227397
2.703013,2.650755773951691,2.703013,0.04606705046159617
2.724217,2.656906724734744,2.724217,0.04960185420628841
2.745422,2.663077856671634,2.745422,0.05332607893690675
2.766627,2.669261654572068,2.766627,0.05724317049933277
2.787832,2.675448853198663,2.787832,0.06135605986402719
2.809037,2.681630324645729,2.809037,0.06566732870730946
2.830241,2.687797189286619,2.830241,0.0701764257927744
2.851446,2.693940402012117,2.851446,0.07488584374372977
2.872651,2.700050049896983,2.872651,0.0797951875033651
2.893856,2.706116877459326,2.893856,0.08490320647780422
2.915061,2.712131582053179,2.915061,0.09020930312488165
2.936266,2.718084753762231,2.936266,0.09571169539136354
2.95747,2.723966686100926,2.95747,0.1014076278573715
2.978675,2.729768119003055,2.978675,0.1072939118751838
2.99988,2.735480019816567,2.99988,0.1133663919142042
3.021085,2.741093431067223,3.021085,0.1196210593494209
3.04229,2.746599522264904,3.04229,0.1260513217138063
3.063495,2.751990642943895,3.063495,0.1326517955051937
3.084699,2.75725876974418,3.084699,0.1394163667981245
3.105904,2.762396510976133,3.105904,0.1463368848004936
3.127109,2.767397418309232,3.127109,0.1534062282458059
3.148314,2.772254948478358,3.148314,0.1606159997096948
3.169519,2.776963615069065,3.169519,0.1679580882763565
3.190723,2.781518268567191,3.190723,0.1754220008237969
3.211928,2.785914729912587,3.211928,0.182999678535027
3.233133,2.790149631722546,3.233133,0.1906802753340308
3.254338,2.794219972671759,3.254338,0.19845466907524
3.275543,2.798123758219644,3.275543,0.2063118181617916
3.296748,2.801860042162158,3.296748,0.2142421430646388
3.317952,2.805428071325781,3.317952,0.2222356033193052
3.339157,2.808828158632644,3.339157,0.230281620472958
3.360362,2.812061740126661,3.360362,0.2383699441712143
3.381567,2.81513055033578,3.381567,0.2464914104666417
3.402772,2.818037723185752,3.402772,0.2546362293506818
3.423977,2.820786323652475,3.423977,0.262795516904005
3.445181,2.82338041419351,3.445181,0.2709611840310677
3.466386,2.82582439682545,3.466386,0.279124563042946
3.487591,2.828123847070392,3.487591,0.2872777303729507
3.508796,2.830284701027771,3.508796,0.2954140972801718
3.530001,2.83231333701012,3.530001,0.3035273282678216
3.551205,2.83421684997051,3.551205,0.3116121831006647
3.57241,2.836001923629284,3.57241,0.3196637465040396
3.593615,2.837676117558448,3.593615,0.3276778115185473
3.61482,2.839247018817037,3.61482,0.3356525493146645
3.636025,2.840721600106824,3.636025,0.3435843554550705
3.65723,2.842108493212863,3.65723,0.3514707487013533
3.678434,2.843415795695306,3.678434,0.3593123810969644
3.699639,2.844651212036413,3.699639,0.3671096813490934
3.720844,2.845821672790438,3.720844,0.3748639664248413
3.742049,2.846933775762162,3.742049,0.3825766897961703
3.763254,2.847995114793758,3.763254,0.3902501427150398
3.784459,2.849011682044847,3.784459,0.3978876278900972
3.805663,2.849989361303544,3.805663,0.4054939697990383
3.826868,2.850932815810615,3.826868,0.4130737467642344
3.848073,2.851846710682845,3.848073,0.4206300764716681
3.869278,2.852735215118284,3.869278,0.4281696014150948
3.890483,2.853601909119696,3.890483,0.4356981245444802
3.911687,2.854448908151971,3.911687,0.4432218059278865
3.932892,2.855277475376504,3.932892,0.450746560045024
3.954097,2.856089011929185,3.954097,0.4582787842161458
3.975302,2.856883389422709,3.975302,0.4658247532703519
3.996507,2.857659549565835,3.996507,0.4733910658481099
4.017712,2.858416189062294,4.017712,0.480982442396193
4.038916,2.859151609124579,4.038916,0.4886050797522188
4.060121,2.859862504667136,4.060121,0.4962645923305283
4.081326,2.860545488860231,4.081326,0.5039657665344117
4.102531,2.86119589799106,4.102531,0.5117127775235525
4.123736,2.861809864467843,4.123736,0.5195081331080882
4.144941,2.862381829713824,4.144941,0.5273573163196459
4.166145,2.862905880405116,4.166145,0.5352598248123889
4.18735,2.86337678726506,4.18735,0.5432187642638785
4.208555,2.863788455877333,4.208555,0.5512334532811658
4.22976,2.864134998900608,4.22976,0.5593042927846956
4.250965,2.864410718803731,4.250965,0.567430846885952
4.272169,2.864609524087685,4.272169,0.5756116099366594
4.293374,2.864725112998602,4.293374,0.5838432778107937
4.314579,2.864752176159642,4.314579,0.5921241684067655
4.335784,2.864684915174187,4.335784,0.6004478855209142
4.356989,2.864519646260649,4.356989,0.60881097543756
4.378194,2.864251694075318,4.378194,0.6172088520211986
4.399398,2.863877100054742,4.399398,0.6256349128828719
4.420603,2.863392661060387,4.420603,0.6340840097451481
4.441808,2.862795695184642,4.441808,0.6425474242168576
4.463013,2.862085423303334,4.463013,0.6510191781241339
4.484218,2.861260463879123,4.484218,0.659492564141381
4.505422,2.860320441519004,4.505422,0.667959600703118
4.526627,2.8592666889043,4.526627,0.6764125947066327
4.547832,2.858100421198467,4.547832,0.6848452508814351
4.569037,2.856824138402807,4.569037,0.6932497080857253
4.590242,2.855440637407909,4.590242,0.7016204342523698
4.611447,2.853953588773717,4.611447,0.7099486508715787
4.632651,2.852368412267664,4.632651,0.71823085376664
4.653856,2.850689382395143,4.653856,0.7264591901135251
4.675061,2.848923304754112,4.675061,0.7346305169070309
4.696266,2.847076180807973,4.696266,0.7427400482834591
4.717471,2.84515537825778,4.717471,0.7507850067956683
4.738676,2.843167964254406,4.738676,0.758761538932058
4.75988,2.841122109579429,4.75988,0.766669969113872
4.781085,2.839025076894465,4.781085,0.7745084810611335
4.80229,2.836885367310691,4.80229,0.7822778197427789
4.823495,2.834710718014558,4.823495,0.7899790217636238
4.8447,2.832509038150972,4.8447,0.7976142245515343
4.865904,2.830288588104914,4.865904,0.8051866193354854
4.887109,2.828056548840098,4.887109,0.8127015709578559
4.908314,2.825820061834216,4.908314,0.8201628020489189
4.929519,2.823585386083134,4.929519,0.827578656383937
4.950724,2.821357894896432,4.950724,0.8349529154954922
4.971929,2.819143517511291,4.971929,0.8422951812315774
4.993133,2.816946394170195,4.993133,0.8496134342325719
5.014338,2.814769808547613,5.014338,0.8569166091931955
5.035543,2.812616274674633,5.035543,0.8642136938076225
5.056748,2.810487615110586,5.056748,0.8715151373843084
5.077953,2.808383833431074,5.077953,0.8788309028914564
5.099158,2.806304293780429,5.099158,0.8861702936176947
5.120362,2.804247714600034,5.120362,0.8935458828955087
5.141567,2.802209757194291,5.141567,0.9009669934658464
5.162772,2.80018630094456,5.162772,0.9084416987333744
5.183977,2.798172495515827,5.183977,0.9159805208961975
5.205182,2.796162269241721,5.205182,0.923592678582399
5.226386,2.794147778567287,5.226386,0.9312855676281607
5.247591,2.792121063636859,5.247591,0.9390692381313648
5.268796,2.790071842657023,5.268796,0.9469481966758021
5.290001,2.787990666612199,5.290001,0.9549287707032061
5.311206,2.785866832014774,5.311206,0.9630171367738128
5.332411,2.783687648745309,5.332411,0.9712167244117987
5.353615,2.781441046714832,5.353615,0.979529119705024
5.37482,2.779114426768344,5.37482,0.987956981387318
5.396025,2.77669450950222,5.396025,0.9964990712990021
5.41723,2.774167994095944,5.41723,1.00515524147582
5.438435,2.77152125790273,5.438435,1.013921142400498
5.45964,2.76874162338928,5.45964,1.022794787378341
5.480844,2.765815201440828,5.480844,1.031769222511105
5.502049,2.762729353255886,5.502049,1.040838834470393
5.523254,2.759471318209513,5.523254,1.049995693334477
5.544459,2.756028568304037,5.544459,1.059230130475903
5.565664,2.752389812834572,5.565664,1.068530150157464
5.586868,2.748545006731577,5.586868,1.077886661031245
5.608073,2.7444832809543,5.608073,1.087284451943319
5.629278,2.740196381007176,5.629278,1.096710630241552
5.650483,2.735676635243293,5.650483,1.106149923209357
5.671688,2.730917400189996,5.671688,1.115588116941231
5.692893,2.725912108026503,5.692893,1.125007475835381
5.714097,2.720657221926408,5.714097,1.134391343064783
5.735302,2.715149479052379,5.735302,1.143722297412448
5.756507,2.709387210815804,5.756507,1.15298137805094
5.777712,2.703371121064256,5.777712,1.162151202814941
5.798917,2.697102036237322,5.798917,1.171214495246499
5.820122,2.690581831870776,5.820122,1.180152360499736
5.841326,2.68381403147445,5.841326,1.188943966526236
5.862531,2.676806203006596,5.862531,1.197572314499041
5.883736,2.669565033393286,5.883736,1.20602175250536
5.904941,2.662097567017991,5.904941,1.214271986139475
5.926146,2.654414688551357,5.926146,1.222306564981633
5.94735,2.646527965714407,5.94735,1.230109049356371
5.968555,2.638450273439624,5.968555,1.237663462098493
5.98976,2.630196230008092,5.98976,1.244957111047918
6.010965,2.621779942505776,6.010965,1.251974067992462
6.03217,2.613218709132197,6.03217,1.258702912429517
6.053375,2.604530037922388,6.053375,1.265131502429687
6.074579,2.595732874279023,6.074579,1.271249839572395
6.095784,2.586847058625493,6.095784,1.277048826286357
6.116989,2.577893291099548,6.116989,1.282522054506688
6.138194,2.568892655315386,6.138194,1.287662407051372
6.159399,2.559867741700119,6.159399,1.292466577903222
6.180604,2.550840992965984,6.180604,1.296931290159848
6.201808,2.541835908782504,6.201808,1.30105487477515
6.223013,2.532876809960576,6.223013,1.304839811791495
6.244218,2.523986721127778,6.244218,1.308288182484788
6.265423,2.515190169684258,6.265423,1.311404815332141
6.286628,2.506510451105333,6.286628,1.314196195969331
6.307832,2.497971050729374,6.307832,1.316670182802821
6.329037,2.489595885836847,6.329037,1.318835726986404
6.350242,2.481408849057632,6.350242,1.320706582167865
6.371447,2.473431654771983,6.371447,1.322297300469176
6.392652,2.46568512202167,6.392652,1.323621970563732
6.413857,2.458191068058525,6.413857,1.324699712041453
6.435061,2.450968043768317,6.435061,1.325548698303268
6.456266,2.444034781880257,6.456266,1.326190414322345
6.477471,2.437408666822034,6.477471,1.32664765823453
6.498676,2.431104627190888,6.498676,1.326944124049295
6.519881,2.425136843851404,6.519881,1.327106141725503
6.541086,2.419516920806634,6.541086,1.327160174986281
6.56229,2.414254334504761,6.56229,1.327133373732659
6.583495,2.409357930635448,6.583495,1.327055627287692
6.6047,2.404832742046504,6.6047,1.326956109756048
6.625905,2.400682509995424,6.625905,1.326864542369691
6.64711,2.396908836725987,6.64711,1.326811204194148
6.668314,2.393511311306465,6.668314,1.32682869932482
6.689519,2.390485164303544,6.689519,1.326947369248435
6.710724,2.387824592058345,6.710724,1.327197152814382
6.731929,2.385521844230929,6.731929,1.327609305971803
6.753134,2.383565404666332,6.753134,1.328212346849019
6.774339,2.381943108770741,6.774339,1.329035730678609
6.795543,2.380639433459414,6.795543,1.330107556606591
6.816748,2.379636781284858,6.816748,1.331455298101952
6.837953,2.378914536147753,6.837953,1.333102535551966
6.859158,2.378451991410312,6.859158,1.335072985062494
6.880363,2.378226215844961,6.880363,1.337389596838649
6.901568,2.37821125846999,6.901568,1.340070815260677
6.922772,2.378381695019242,6.922772,1.343136808818298
6.943977,2.378708274537193,6.943977,1.346600183926806
6.965182,2.37916430165228,6.965182,1.35047797992288
6.986387,2.379717882155445,6.986387,1.35478012926467
7.007592,2.3803391662564,7.007592,1.359515923560374
7.028796,2.380996375252187,7.028796,1.364692543748977
7.050001,2.381657266873462,7.050001,1.370310306774042
7.071206,2.382293621257863,7.071206,1.376376728183786
7.092411,2.382871313237305,7.092411,1.38288961795556
7.113616,2.383358396533061,7.113616,1.389847202509918
7.134821,2.383722934219391,7.134821,1.397242293635397
7.156025,2.383935773926747,7.156025,1.405069312954958
7.17723,2.383966062484876,7.17723,1.413318147863263
7.198435,2.38378507774399,7.198435,1.421978655562354
7.21964,2.383364255319762,7.21964,1.431036398396605
7.240845,2.382676972321456,7.240845,1.440477890989979
7.26205,2.381696556924099,7.26205,1.450286347334245
7.283254,2.38039790632056,7.283254,1.460442806964829
7.304459,2.37875798038294,7.304459,1.470928118310179
7.325664,2.376754629341475,7.325664,1.481720475695781
7.346869,2.374368035260423,7.346869,1.492798903692806
7.368074,2.371578527312557,7.368074,1.504139525180425
7.389278,2.368369033649313,7.389278,1.51571860170316
7.410483,2.364723606102734,7.410483,1.527511287440953
7.431688,2.360627830952991,7.431688,1.539491720104341
7.452893,2.356069187795097,7.452893,1.551633338671688
7.474098,2.351037119791534,7.474098,1.563910016157474
7.495303,2.345521801845742,7.495303,1.576294237423233
7.516507,2.339516132974607,7.516507,1.588758866678157
7.537712,2.333013516901027,7.537712,1.601275763272178
7.558917,2.326010734426924,7.558917,1.61381843361305
7.580122,2.318504189650853,7.580122,1.626358717327933
7.601327,2.310493148781258,7.601327,1.638869607554283
7.622531,2.301978195818851,7.622531,1.651324502944655
7.643736,2.292960620859767,7.643736,1.663696910141269
7.664941,2.283443891414997,7.664941,1.675959726616502
7.686146,2.273432902606467,7.686146,1.688087427431905
7.707351,2.262934222554454,7.707351,1.700055380159167
7.728556,2.251954729659755,7.728556,1.711838807959716
7.74976,2.240503850357482,7.74976,1.723413909502503
7.770965,2.228591051770449,7.770965,1.734757930096103
7.79217,2.216227899927571,7.79217,1.745849107001338
7.813375,2.203425729318087,7.813375,1.75666529100479
7.83458,2.190198514624857,7.83458,1.767186615347946
7.855785,2.176560008663996,7.855785,1.777393448653228
7.876989,2.162526160976166,7.876989,1.787267858186432
7.898194,2.148111917715272,7.898194,1.79679208898258
7.919399,2.133334745878495,7.919399,1.805950757349841
7.940604,2.118211201856295,7.940604,1.814727443907071
7.961809,2.10275984982378,7.961809,1.823108330854457
7.983013,2.086999463467692,7.983013,1.83108048990601
8.004218,2.070949437634158,8.004218,1.838632528059165
8.025423,2.054629396839168,8.025423,1.845754035172532
8.046628,2.038058497859918,8.046628,1.852435542926939
8.067833,2.021257077250361,8.067833,1.858667579836339
8.089038,2.004246204927265,8.089038,1.864443844680055
8.110242,1.987046219527058,8.110242,1.869758722011151
8.131447,1.969677327795455,8.131447,1.8746060321122
8.152652,1.952161386197474,8.152652,1.878982458076829
8.173857,1.934519434020948,8.173857,1.882887261788323
8.195062,1.916769986524828,8.195062,1.886317359630237
8.216267,1.89893395831143,8.216267,1.889271864509795
8.237470999999999,1.881031618562213,8.237470999999999,1.89175076319022
8.258675999999999,1.863083708205741,8.258675999999999,1.893756294717368
8.279881,1.845109239659694,8.279881,1.89529103471672
8.301086,1.827127230878997,8.301086,1.896357539553011
8.322291,1.809156634113967,8.322291,1.89696012787791
8.343495000000001,1.791215687992852,8.343495000000001,1.897103750697812
8.364699999999999,1.773322918771085,8.364699999999999,1.896794974223308
8.385904999999999,1.75549409925518,8.385904999999999,1.896039696978878
8.407109999999999,1.737746369020498,8.407109999999999,1.894844701563673
8.428315,1.72009539330779,8.428315,1.893217674246329
8.44952,1.702557296051192,8.44952,1.891167191534674
8.470724000000001,1.685146270146354,8.470724000000001,1.88870192242931
8.491929000000001,1.667876229031227,8.491929000000001,1.885830881963551
8.513134000000001,1.650761124820564,8.513134000000001,1.882564020483461
8.534338999999999,1.633813491018632,8.534338999999999,1.878911526239192
8.555543999999999,1.617044972421782,8.555543999999999,1.874883847824863
8.576749,1.600466539873738,8.576749,1.870491150809171
8.597953,1.584089546836767,8.597953,1.865744273044276
8.619158000000001,1.567923378090411,8.619158000000001,1.860654379395176
8.640363000000001,1.551978217346689,8.640363000000001,1.855233512827592
8.661568000000001,1.536260727393458,8.661568000000001,1.849490746808828
8.682772999999999,1.520781738067891,8.682772999999999,1.843439745378404
8.703977,1.505546017001684,8.703977,1.837090310602512
8.725182,1.490562003234964,8.725182,1.830454884854535
8.746387,1.475834878992086,8.746387,1.823544786960162
8.767592,1.461369481258438,8.767592,1.816370215774735
8.788797000000001,1.447172044723091,8.788797000000001,1.808942488590506
8.810002000000001,1.43324688467408,8.810002000000001,1.801273058819222
8.831206,1.419597262319691,8.831206,1.793370956379511
8.852411,1.406229373550739,8.852411,1.785249296607313
8.873616,1.393144483911589,8.873616,1.776917992776619
8.894821,1.380345256373279,8.894821,1.768386560340305
8.916026,1.367834990688288,8.916026,1.759665468704557
8.937231000000001,1.35561599099206,8.937231000000001,1.750764608687697
8.958435,1.343691531883515,8.958435,1.741695132006594
8.97964,1.332061392497578,8.97964,1.732466320995184
9.000845,1.320727131385825,9.000845,1.723086810227108
9.02205,1.309691315038658,9.02205,1.713567139241323
9.043255,1.29895397938978,9.043255,1.703916793911177
9.064458999999999,1.288515201593265,9.064458999999999,1.694144157011714
9.085664,1.278376770216095,9.085664,1.684258936929869
9.106869,1.268538394744305,9.106869,1.674268992408465
9.128074,1.259002051559204,9.128074,1.664185135683613
9.149279,1.249765470947195,9.149279,1.654014731606664
9.170484,1.240831372278581,9.170484,1.643768078054427
9.191687999999999,1.23219717796431,9.191687999999999,1.633453667963438
9.212892999999999,1.223863228361974,9.212892999999999,1.623080466808899
9.234097999999999,1.215828019145185,9.234097999999999,1.612656123337677
9.255303,1.208092604385888,9.255303,1.602190918951883
9.276508,1.200653860244926,9.276508,1.59169271284411
9.297713,1.193511851250646,9.297713,1.581170306790431
9.318917000000001,1.186665148357815,9.318917000000001,1.570633048909603
9.340121999999999,1.1801121018376,9.340121999999999,1.560089924620872
9.361326999999999,1.173849539293442,9.361326999999999,1.54954952837895
9.382531999999999,1.167875554489308,9.382531999999999,1.539020568664925
9.403737,1.16218735786634,9.403737,1.528510861847028
9.424941,1.15678336963779,9.424941,1.518030554458823
9.446146000000001,1.151657753151261,9.446146000000001,1.50758634259979
9.467351000000001,1.146810726880326,9.467351000000001,1.497188646526477
9.488556000000001,1.142236402808546,9.488556000000001,1.486846326928579
9.509760999999999,1.137929316099991,9.509760999999999,1.476566669148329
9.530965999999999,1.133886348999384,9.530965999999999,1.46635815967558
9.55217,1.130101978656987,9.55217,1.456229199736235
9.573375,1.126569859222194,9.573375,1.446187279610741
9.594580000000001,1.123285428096348,9.594580000000001,1.436239587594491
9.615785000000001,1.120242924169394,9.615785000000001,1.426395530402277
9.636990000000001,1.11743307536149,9.636990000000001,1.416659337283257
9.658194999999999,1.114851762596463,9.658194999999999,1.407038184472774
9.679399,1.112492995006683,9.679399,1.397540934620142
9.700604,1.110346868641761,9.700604,1.388172960658205
9.721809,1.108405954503588,9.721809,1.378939723113019
9.743014000000001,1.10666243460557,9.743014000000001,1.369847708384814
9.764219000000001,1.105105679133377,9.764219000000001,1.360898806690946
9.785423,1.103730648772616,9.785423,1.352100715568193
9.806628,1.102525822838841,9.806628,1.343456061814626
9.827833,1.101482039201853,9.827833,1.334967296484926
9.849038,1.100590963207302,9.849038,1.326637278344603
9.870243,1.099844326684543,9.870243,1.318469773237208
9.891448,1.099231247074518,9.891448,1.310464930681093
9.912652,1.098743537950183,9.912652,1.302625181004607
9.933857,1.098371145798186,9.933857,1.294950259246285
9.955062,1.098105894190132,9.955062,1.287441864650637
9.976267,1.097936356924073,9.976267,1.280096966583277
9.997472,1.097856143606884,9.997472,1.272916773420548
10.018677,1.097854630581398,10.018677,1.265898017175561
10.039881,1.097923731932787,10.039881,1.259038729007658
10.061086,1.0980565194464,10.061086,1.252336264706386
10.082291,1.098245915512444,10.082291,1.245789745880004
10.103496,1.098481278751666,10.103496,1.239393448331843
10.124701,1.098758572238445,10.124701,1.233145328040238
10.145905,1.099068412226405,10.145905,1.227040086856933
10.16711,1.099406221749104,10.16711,1.221074133875843
10.188315,1.099763807066481,10.188315,1.215240482922356
10.20952,1.100138777913111,10.20952,1.209535584705201
10.230725,1.100525435408439,10.230725,1.203953999943907
10.25193,1.100919190197613,10.25193,1.198490326763369
10.273134,1.101316627558855,10.273134,1.193140525729308
10.294339,1.101713142867731,10.294339,1.187897238471196
10.315544,1.102105970827634,10.315544,1.182754230993879
10.336749,1.10249373821884,10.336749,1.17770600865061
10.357954,1.102876282579237,10.357954,1.172748947846809
10.379158,1.103250795726187,10.379158,1.167877698335945
10.400363,1.10361511565684,10.400363,1.163084830743768
10.421568,1.103971016869469,10.421568,1.158367819860259
10.442773,1.104317369723907,10.442773,1.1537208731205
10.463978,1.104653790579278,10.463978,1.14913967690667
10.485183,1.104980818492574,10.485183,1.144619416765468
10.506387,1.105299927840294,10.506387,1.14015478356395
10.527592,1.105613820604675,10.527592,1.135744214298302
10.548797,1.105921841652842,10.548797,1.131382393289207
10.570002,1.106229023952535,10.570002,1.127069054421679
10.591207,1.106533681792213,10.591207,1.122799531947102
10.612412,1.106839569630537,10.612412,1.11857267662853
10.633616,1.107148220910972,10.633616,1.11438466566367
10.654821,1.107463699815542,10.654821,1.110237292838395
10.676026,1.107785346866169,10.676026,1.106127196452287
10.697231,1.108117269061592,10.697231,1.102053937878052
10.718436,1.108461333044185,10.718436,1.098018454696501
10.73964,1.108818064372989,10.73964,1.094019423904284
10.760845,1.109190035178915,10.760845,1.090057124255514
10.78205,1.10957914661481,10.78205,1.086132074198369
10.803255,1.109986845802555,10.803255,1.082245257718742
10.82446,1.110414580771867,10.82446,1.07839767302733
10.845665,1.110863537148957,10.845665,1.074592386985452
10.866869,1.111331752686249,10.866869,1.070828307679943
10.888074,1.111821343502177,10.888074,1.067106695634033
10.909279,1.112333457157611,10.909279,1.063431107271272
10.930484,1.112866077967646,10.930484,1.05980182463095
10.951689,1.113419431069382,10.951689,1.056221013558652
10.972894,1.113991657213149,10.972894,1.052690558683081
10.994098,1.114581614626858,10.994098,1.049210739396149
11.015303,1.115188318618057,11.015303,1.045783909793113
11.036508,1.115808990174361,11.036508,1.042410045305554
11.057713,1.1164424020803,11.057713,1.039090774265093
11.078918,1.117086624178984,11.078918,1.035827459531557
11.100122,1.117737461857102,11.100122,1.032619500899899
11.121327,1.118393643919038,11.121327,1.02946847584494
11.142532,1.119051194930218,11.142532,1.026373507488745
11.163737,1.119706598862386,11.163737,1.023333702921961
11.184942,1.120357734519962,11.184942,1.020348201987293
11.206147,1.121001083430951,11.206147,1.017416055040103
11.227351,1.121633638693277,11.227351,1.014535371215967
11.248556,1.122251932473903,11.248556,1.011704205754533
11.269761,1.122854101615969,11.269761,1.008921371324746
11.290966,1.123435830138294,11.290966,1.006183414909289
11.312171,1.123994660937634,11.312171,1.003487417866466
11.333376,1.12452801202077,11.333376,1.00082878147033
11.35458,1.125035033570403,11.35458,0.9982058038103958
11.375785,1.125512710717638,11.375785,0.9956138116694474
11.39699,1.125959399896369,11.39699,0.9930491277952925
11.418195,1.126373315751781,11.418195,0.9905068633975546
11.4394,1.126754328794247,11.4394,0.9879824479496456
11.460604,1.127101644889413,11.460604,0.9854710132278979
11.481809,1.127415405489222,11.481809,0.9829682072856814
11.503014,1.127695337242367,11.503014,0.9804691599628088
11.524219,1.127941950742297,11.524219,0.9779683247653458
11.545424,1.128157171734206,11.545424,0.9754607137836572
11.566629,1.128343108103255,11.566629,0.9729425315012771
11.587833,1.128500616466035,11.587833,0.9704079767624652
11.609038,1.128632848477397,11.609038,0.9678528331632875
11.630243,1.128742626753031,11.630243,0.9652714216474719
11.651448,1.128834927168778,11.651448,0.9626615671128358
11.672653,1.128911441530182,11.672653,0.9600177304705125
11.693858,1.128977910593762,11.693858,0.9573380398838528
11.715062,1.129038445395997,11.715062,0.9546176256398203
11.736267,1.129097656989304,11.736267,0.9518547783242648
11.757472,1.129160137936052,11.757472,0.9490456348899999
11.778677,1.129232315015992,11.778677,0.9461879418362806
11.799882,1.129320449378684,11.799882,0.9432818652899417
11.821086,1.129429488102371,11.821086,0.9403238636742041
11.842291,1.1295669077382,11.842291,0.9373149945761238
11.863496,1.129737911374274,11.863496,0.9342551837674259
11.884701,1.129948742877069,11.884701,0.9311440068697582
11.905906,1.130205545074197,11.905906,0.9279825289931185
11.927111,1.130515935463112,11.927111,0.9247720153292023
11.948315,1.130884957991189,11.948315,0.9215154845203269
11.96952,1.131318613356971,11.96952,0.918213921114214
11.990725,1.131823308329411,11.990725,0.9148693902835161
12.01193,1.132406067624854,12.01193,0.9114875215786472
12.033135,1.133071695619336,12.033135,0.9080718404474825
12.05434,1.133825416622772,12.05434,0.9046264839036066
12.075544,1.134672381923077,12.075544,0.9011561542257752
12.096749,1.135617331005158,12.096749,0.8976668215319529
12.117954,1.136664530197279,12.117954,0.8941639973788927
12.139159,1.137817344206453,12.139159,0.890652181705645
12.160364,1.139080459759954,12.160364,0.887138824427692
12.181568,1.140456754303673,12.181568,0.883631489047821
12.202773,1.141948020473883,12.202773,0.880135944876824
12.223978,1.143556899362548,12.223978,0.8766603573104488
12.245183,1.145284242211333,12.245183,0.8732107394309733
12.266388,1.147131447869064,12.266388,0.8697956993973786
12.287593,1.14909860729306,12.287593,0.8664217271530353
12.308797,1.151186264235331,12.308797,0.8630966428877462
12.330002,1.153393313299915,12.330002,0.8598285498661673
12.351207,1.155717768983399,12.351207,0.8566239323903836
12.372412,1.158159262300416,12.372412,0.8534909940076947
12.393617,1.160714459801408,12.393617,0.8504369801414295
12.414822,1.16338006912551,12.414822,0.8474681027852768
12.436026,1.166153671147943,12.436026,0.8445906610493779
12.457231,1.169032154221458,12.457231,0.8418130300747687
12.478436,1.172009588354942,12.478436,0.8391403191337665
12.499641,1.175082031659728,12.499641,0.83657861622776
12.520846,1.178244501858726,12.520846,0.8341337459666263
12.54205,1.18149084282999,12.54205,0.8318092399649819
12.563255,1.184816882736526,12.563255,0.8296125876681834
12.58446,1.188215138058829,12.58446,0.8275471070048898
12.605665,1.191678972276438,12.605665,0.8256153904608535
12.62687,1.195202841415419,12.62687,0.8238220876666817
12.648075,1.198779546048274,12.648075,0.8221699337872342
12.669279,1.202402001696174,12.669279,0.8206610589536742
12.690484,1.206063444902322,12.690484,0.8192972800697291
12.711689,1.209757449076934,12.711689,0.8180813441199664
12.732894,1.213475911470574,12.732894,0.8170133338687556
12.754099,1.217211757349433,12.754099,0.8160934151368295
12.775304,1.22095836891514,12.775304,0.8153222299336137
12.796508,1.224709299630994,12.796508,0.8146998641233713
12.817713,1.228456966417301,12.817713,0.8142251029900738
12.838918,1.23219426372432,12.838918,0.8138972315686539
12.860123,1.235915039819044,12.860123,0.8137137000511352
12.881328,1.239613239272263,12.881328,0.8136731425941695
12.902532,1.243282439021109,12.902532,0.8137740615049596
12.923737,1.246916146990022,12.923737,0.8140134382333266
12.944942,1.250508445459471,12.944942,0.8143883423560666
12.966147,1.254053801305678,12.966147,0.8148956599278345
12.987352,1.257546796729416,12.987352,0.8155310821571516
13.008557,1.260982920798456,13.008557,0.816292182092543
13.029761,1.264356222925294,13.029761,0.8171735791433267
13.050966,1.26766320899992,13.050966,0.8181723604791197
13.072171,1.27089938081442,13.072171,0.8192839777235223
13.093376,1.27405968548909,13.093376,0.8205035540377373
13.114581,1.277140990569556,13.114581,0.82182547404725
13.135786,1.280140737798056,13.135786,0.8232462016736861
13.15699,1.283054999834006,13.15699,0.8247600454671898
13.178195,1.285881342234809,13.178195,0.8263624061557948
13.1994,1.288617017879101,13.1994,0.8280481983360789
13.220605,1.291259866355301,13.220605,0.8298120524913513
13.24181,1.293807482931887,13.24181,0.8316488459022507
13.263014,1.296259029504648,13.263014,0.8335529206789037
13.284219,1.298612666293954,13.284219,0.8355201117023413
13.305424,1.300866974157238,13.305424,0.8375433627299592
13.326629,1.303021742802206,13.326629,0.8396187600424956
13.347834,1.305076426024157,13.347834,0.841740742606645
13.369039,1.307029851231061,13.369039,0.8439034494591716
13.390243,1.308883404679313,13.390243,0.8461021020213284
13.411448,1.310636580156788,13.411448,0.8483320371441122
13.432653,1.31228948741051,13.432653,0.8505878548205003
13.453858,1.313843283612252,13.453858,0.8528635142231287
13.475063,1.315299599461875,13.475063,0.8551549779686543
13.496267,1.316659592129069,13.496267,0.8574581514834918
13.517472,1.317923704340499,13.517472,0.8597667651535394
13.538677,1.319094876025769,13.538677,0.8620767320589497
13.559882,1.320175391296694,13.559882,0.8643836322984018
13.581087,1.321167046585809,13.581087,0.8666841206485022
13.602292,1.322072312771487,13.602292,0.8689736475848669
13.623496,1.322893007465818,13.623496,0.8712473295235719
13.644701,1.323633433962904,13.644701,0.8735024141377222
13.665906,1.32429550066984,13.665906,0.8757343050802469
13.687111,1.324883690419269,13.687111,0.8779400851646887
13.708316,1.325401050955366,13.708316,0.880115870708845
13.729521,1.32585189550711,13.729521,0.8822603067234724
13.750725,1.326239025932068,13.750725,0.8843703714537481
13.77193,1.326567211920306,13.77193,0.8864432117975826
13.793135,1.326839885986952,13.793135,0.8884768331509089
13.81434,1.327061496614662,13.81434,0.8904696602339386
13.835545,1.327236116756478,13.835545,0.8924195815998304
13.856749,1.327368401831136,13.856749,0.8943248146952792
13.877954,1.327463778722522,13.877954,0.8961864113119972
13.899159,1.32752547897261,13.899159,0.8980027267895447
13.920364,1.327557850101446,13.920364,0.899773218853492
13.941569,1.327565575484618,13.941569,0.9014978409357425
13.962774,1.327553594613488,13.962774,0.9031774723559005
13.983978,1.327525623463811,13.983978,0.9048122904519924
14.005183,1.327485966578847,14.005183,0.9064016722534088
14.026388,1.327440268529443,14.026388,0.9079497048369581
14.047593,1.327391286514982,14.047593,0.9094567760569482
14.068798,1.327343261885543,14.068798,0.910924878830825
14.090003,1.327299924477493,14.090003,0.91235633911206
14.111207,1.327264143219284,14.111207,0.9137533069027003
14.132412,1.327238869451682,14.132412,0.9151174878579134
14.153617,1.327228544144436,14.153617,0.9164521855458463
14.174822,1.327234848263863,14.174822,0.917759959055744
14.196027,1.327261642580192,14.196027,0.9190448671662714
14.217231,1.327309756524085,14.217231,0.9203092902736708
14.238436,1.327381591998168,14.238436,0.9215567756658243
14.259641,1.327479301588985,14.259641,0.9227910360136682
14.280846,1.32760339854557,14.280846,0.9240150344175941
14.302051,1.327755361753125,14.302051,0.9252325657174916
14.323256,1.327935891727152,14.323256,0.9264468320077449
14.34446,1.328145617353554,14.34446,0.9276614581276154
14.365665,1.328384212924985,14.365665,0.9288792263520225
14.38687,1.328651812597801,14.38687,0.9301041012270737
14.408075,1.328947748317888,14.408075,0.9313383476262447
14.42928,1.329272064037932,14.42928,0.9325852348346843
14.450485,1.32962352253338,14.450485,0.9338477989876477
14.471689,1.330000866695561,14.471689,0.9351279620516887
14.492894,1.330402947483285,14.492894,0.9364283222287827
14.514099,1.330828268985815,14.514099,0.9377509698911438
14.535304,1.331275740969741,14.535304,0.9390969590487087
14.556509,1.331744233468827,14.556509,0.9404688742204469
14.577713,1.332231135651142,14.577713,0.9418677183120412
14.598918,1.332735449507298,14.598918,0.9432941102187702
14.620123,1.333255504752386,14.620123,0.9447487713421693
14.641328,1.333790063919373,14.641328,0.9462324950085185
14.662533,1.334337646131768,14.662533,0.9477462497337926
14.683738,1.33489688819086,14.683738,0.9492890508699869
14.704942,1.335467065497774,14.704942,0.9508613374352934
14.726147,1.336046678491531,14.726147,0.9524629793898826
14.747352,1.33663557796258,14.747352,0.9540936370584187
14.768557,1.337233013709852,14.768557,0.9557526526018819
14.789762,1.337838590896512,14.789762,0.9574398651048355
14.810967,1.338452903552494,14.810967,0.9591544062496408
14.832171,1.339076156191878,14.832171,0.9608964315063384
14.853376,1.339708268998003,14.853376,0.9626651785650224
14.874581,1.340350782540547,14.874581,0.9644605851236515
14.895786,1.34100445575087,14.895786,0.9662820242267192
14.916991,1.341670437253324,14.916991,0.968130446892115
14.938195,1.342350499034734,14.938195,0.9700055990863143
14.9594,1.343046202800013,14.9594,0.9719084848150745
14.980605,1.343759064072074,14.980605,0.9738390125045597
15.00181,1.344491695519755,15.00181,0.9757996307242517
15.023015,1.345245711026656,15.023015,0.9777908892169188
15.04422,1.346023536150018,15.04422,0.9798149620565101
15.065424,1.346827217371311,15.065424,0.9818750192627111
15.086629,1.347658884593111,15.086629,0.9839722908815816
15.107834,1.348521042297162,15.107834,0.9861110492831042
15.129039,1.349415181958077,15.129039,0.9882951650690949
15.150244,1.350342861854364,15.150244,0.9905280634898906
15.171449,1.351305337104099,15.171449,0.9928137358467708
15.192653,1.352304749425428,15.192653,0.9951573419909893
15.213858,1.353341038491051,15.213858,0.9975645174443789
15.235063,1.354415002444656,15.235063,1.000039498643508
15.256268,1.355526836735622,15.256268,1.002589150704555
15.277473,1.356676466969588,15.277473,1.005219396962217
15.298677,1.357862238974254,15.298677,1.007936932566802
15.319882,1.35908230280046,15.319882,1.01074710278358
15.341087,1.360335190213537,15.341087,1.013657155912836
15.362292,1.36161759464049,15.362292,1.016672746774768
15.383497,1.362926846033929,15.383497,1.019801249087289
15.404702,1.364259159196764,15.404702,1.023049389546888
15.425906,1.365608825506111,15.425906,1.026423140960968
15.447111,1.366971153241518,15.447111,1.029927732316421
15.468316,1.368340251760354,15.468316,1.033570048224884
15.489521,1.369710149268463,15.489521,1.037355239543829
15.510726,1.371072707940215,15.510726,1.041288322444132
15.531931,1.37242078041075,15.531931,1.045373999343418
15.553135,1.373746934176042,15.553135,1.049616901139685
15.57434,1.375041598367842,15.57434,1.054020112351748
15.595545,1.376295925648902,15.595545,1.058587018132079
15.61675,1.37749963460093,15.61675,1.063318975343568
15.637955,1.37864455412229,15.637955,1.06821805199643
15.659159,1.379719493095823,15.659159,1.073285553628947
15.680364,1.380715001592322,15.680364,1.078521634285603
15.701569,1.381619121251247,15.701569,1.083924995655635
15.722774,1.382423195601616,15.722774,1.089495246312431
15.743979,1.383115527885548,15.743979,1.095229913524151
15.765184,1.383685496028503,15.765184,1.101125584081872
15.786388,1.384123173670525,15.786388,1.107179280826627
15.807593,1.384417955815437,15.807593,1.113386310488948
15.828798,1.384560253729917,15.828798,1.119741084451514
15.850003,1.384540336742178,15.850003,1.126238404631161
15.871208,1.384348881885786,15.871208,1.13287193750151
15.892413,1.383976158512412,15.892413,1.139634155038701
15.913617,1.383413926231891,15.913617,1.146516938946972
15.934822,1.382654686456313,15.934822,1.153512887652151
15.956027,1.381690137495414,15.956027,1.160612612395753
15.977232,1.380514091324826,15.977232,1.16780698591266
15.998437,1.37911953941357,15.998437,1.17508667935276
16.019641,1.377500853143487,16.019641,1.182441372927654
16.040846,1.375652669440089,16.040846,1.189861028413673
16.062051,1.373570164915382,16.062051,1.197334538859408
16.083256,1.371250075059645,16.083256,1.204851346993098
16.104461,1.368688951174082,16.104461,1.212401107334535
16.125666,1.36588401064275,16.125666,1.219972184326152
16.14687,1.362832808497363,16.14687,1.22755336499755
16.168075,1.359535152830265,16.168075,1.235133932730055
16.18928,1.355989664248619,16.18928,1.242702687511813
16.210485,1.352196050045481,16.210485,1.250248438414783
16.23169,1.348155272034152,16.23169,1.257760166929084
16.252894,1.343868756908335,16.252894,1.265227345497383
16.274099,1.339338211469515,16.274099,1.272639715199223
16.295304,1.334566386272875,16.295304,1.279987280940495
16.316509,1.329555174860374,16.316509,1.287259477727004
16.337714,1.324308255330351,16.337714,1.294446737079637
16.358919,1.318829202088254,16.358919,1.301539651443913
16.380123,1.313122252840211,16.380123,1.308528582379518
16.401328,1.307192307419115,16.401328,1.315405537686272
16.422533,1.30104456568442,16.422533,1.322161473458126
16.443738,1.294683964729609,16.443738,1.328788759934392
16.464943,1.288116520454254,16.464943,1.33527943527457
16.486148,1.281348596366849,16.486148,1.341626708667986
16.507352,1.274385948899478,16.507352,1.347823633400313
16.528557,1.267234504202489,16.528557,1.353863467503768
16.549762,1.259901527888935,16.549762,1.359739997196844
16.570967,1.252394355002502,16.570967,1.36544850523267
16.592172,1.244718745693021,16.592172,1.370982405386593
16.613376,1.236882881405133,16.613376,1.37633726328726
16.634581,1.228893484773494,16.634581,1.381508666971996
16.655786,1.220758140690281,16.655786,1.386492494772904
16.676991,1.212483939580421,16.676991,1.391284407926883
16.698196,1.204078357243037,16.698196,1.395881331052568
16.719401,1.195548971507801,16.719401,1.400279737507245
16.740605,1.186903174735903,16.740605,1.40447682294802
16.76181,1.17814837569702,16.76181,1.408470303257235
16.783015,1.169291950364453,16.783015,1.412257648301862
16.80422,1.160341321437138,16.80422,1.415836848734515
16.825425,1.151304326242859,16.825425,1.419205993372887
16.84663,1.142187733245109,16.84663,1.4223638135075
16.867834,1.132999269905888,16.867834,1.425308508922639
16.889039,1.123746652613808,16.889039,1.428039403959407
16.910244,1.114436923282736,16.910244,1.430556065303241
16.931449,1.105077350922087,16.931449,1.432857617323151
16.952654,1.095674707279799,16.952654,1.434943226811665
16.973858,1.086237209453561,16.973858,1.436813236019719
16.995063,1.076771566567737,16.995063,1.438467589683111
17.016268,1.067285309322756,17.016268,1.439906917649947
17.037473,1.057785245494143,17.037473,1.441131369995499
17.058678,1.048278580705684,17.058678,1.442141457266354
17.079883,1.038772546485521,17.079883,1.442938114865642
17.101087,1.029274580844205,17.101087,1.443522484331995
17.122292,1.019791621713875,17.122292,1.443896447712859
17.143497,1.010330400569244,17.143497,1.44406077376072
17.164702,1.000898552005904,17.164702,1.444017974752225
17.185907,0.9915027291279638,17.185907,1.443769601379736
17.207112,0.9821502193383295,17.207112,1.44331841717146
17.228316,0.9728474831928946,17.228316,1.442666013169628
17.249521,0.9636024348670726,17.249521,1.441816095236057
17.270726,0.9544211374504381,17.270726,1.440772260842146
17.291931,0.9453100165342325,17.291931,1.439536740538411
17.313136,0.9362765223076298,17.313136,1.43811359990248
17.33434,0.9273268008635217,17.33434,1.436506524732754
17.355545,0.918467483120578,17.355545,1.434720362143735
17.37675,0.9097050130845693,17.37675,1.43275895070706
17.397955,0.9010454298459267,17.397955,1.430627088603536
17.41916,0.8924948800677257,17.41916,1.428330882865418
17.440365,0.8840587139925221,17.440365,1.425874752489191
17.461569,0.87574263308158,17.461569,1.423264613273533
17.482774,0.8675520639574337,17.482774,1.420506101245891
17.503979,0.8594928080918577,17.503979,1.417606393595072
17.525184,0.851568218113538,17.525184,1.414570758251798
17.546389,0.8437841246556499,17.546389,1.411406620723065
17.567594,0.83614387733277,17.567594,1.408121295770033
17.588798,0.8286513791678366,17.588798,1.404721007245481
17.610003,0.8213104707143851,17.610003,1.401213720067387
17.631208,0.8141242325825218,17.631208,1.397607336156361
17.652413,0.8070945781931056,17.652413,1.393909128368384
17.673618,0.8002243737442455,17.673618,1.390126990002845
17.694822,0.7935149337914157,17.694822,1.38626943634706
17.716027,0.7869677775177523,17.716027,1.382343764355028
17.737232,0.7805836399123465,17.737232,1.37835837825248
17.758437,0.7743629610609246,17.758437,1.374321285385278
17.779642,0.7683057109859452,17.779642,1.370240367794505
17.800847,0.7624114609709609,17.800847,1.366124531592883
17.822051,0.7566789406841962,17.822051,1.36198055025575
17.843256,0.7511066884073155,17.843256,1.357817092752262
17.864461,0.7456928895905699,17.864461,1.353641712413567
17.885666,0.7404347276271691,17.885666,1.349461961626307
17.906871,0.735329555693274,17.906871,1.345284563011138
17.928076,0.7303742362988148,17.928076,1.341117267448704
17.94928,0.7255647878688943,17.94928,1.336966065910139
17.970485,0.7208975744076809,17.970485,1.332838442117752
17.99169,0.7163673473509898,17.99169,1.328740071026194
18.012895,0.7119699713176749,18.012895,1.324676654907941
18.0341,0.7077006583240634,18.0341,1.320653710021031
18.055304,0.7035536379533257,18.055304,1.316677151574128
18.076509,0.6995225163716928,18.076509,1.312750452641699
18.097714,0.6956027186725473,18.097714,1.308878581926008
18.118919,0.691786763775337,18.118919,1.305064721205333
18.140124,0.688070829420952,18.140124,1.301312977842009
18.161329,0.6844460306238188,18.161329,1.297626051232288
18.182533,0.6809074715441553,18.182533,1.294006949287621
18.203738,0.6774482118714166,18.203738,1.290457314198257
18.224943,0.6740615094139646,18.224943,1.286978989134412
18.246148,0.6707408560477821,18.246148,1.283572473984898
18.267353,0.6674805539582593,18.267353,1.280239543957468
18.288558,0.664273618214418,18.288558,1.276979811843427
18.309762,0.6611138920602696,18.309762,1.273793381312322
18.330967,0.6579956057768337,18.330967,1.270680218316797
18.352172,0.6549126121441434,18.352172,1.267639353106973
18.373377,0.6518588437228696,18.373377,1.264669503127088
18.394582,0.6488289426343362,18.394582,1.261769391291448
18.415786,0.6458176446313194,18.415786,1.258937421048856
18.436991,0.6428196273436723,18.436991,1.256171195855986
18.458196,0.6398298175824271,18.458196,1.253468466084234
18.479401,0.6368440381183174,18.479401,1.25082665820922
18.500606,0.633857422180541,18.500606,1.248242857641637
18.521811,0.6308669635259552,18.521811,1.245714303389208
18.543015,0.6278667290886333,18.543015,1.243237559558293
18.56422,0.624854899409593,18.56422,1.240808867358778
18.585425,0.6218284928910646,18.585425,1.238425078303558
18.60663,0.6187841641500214,18.60663,1.236082053021902
18.627835,0.6157198167469291,18.627835,1.233777083891118
18.64904,0.6126336460324211,18.64904,1.231505982222976
18.670244,0.6095234879300937,18.670244,1.229265179828367
18.691449,0.606387141531882,18.691449,1.227051085087824
18.712654,0.6032238387674616,18.712654,1.224859583649225
18.733859,0.6000326220002704,18.733859,1.22268685584843
18.755064,0.5968128423747611,18.755064,1.220530036018549
18.776268,0.5935636424249319,18.776268,1.218384092808484
18.797473,0.5902858105704837,18.797473,1.216246413421578
18.818678,0.586978792536472,18.818678,1.214113710855608
18.839883,0.583643335565151,18.839883,1.211982484671134
18.861088,0.5802795001824193,18.861088,1.209848874170637
18.882293,0.5768893598209659,18.882293,1.207710782213459
18.903497,0.5734729651152332,18.903497,1.205565113014663
18.924702,0.5700325425424055,18.924702,1.203409364911774
18.945907,0.5665686403862501,18.945907,1.201241035042145
18.967112,0.5630826380858869,18.967112,1.199057570475147
18.988317,0.5595767788174733,18.988317,1.196857205932161
19.009521,0.556052811693667,19.009521,1.19463832576744
19.030726,0.5525126518374239,19.030726,1.192398939298598
19.051931,0.5489582466559425,19.051931,1.190137872925472
19.073136,0.545391048071559,19.073136,1.187854113650575
19.094341,0.5418131835653036,19.094341,1.185546087625938
19.115546,0.5382271739298794,19.115546,1.183213205959325
19.13675,0.5346348937966942,19.13675,1.180855397440771
19.157955,0.5310378506394814,19.157955,1.178471551973912
19.17916,0.5274390133714306,19.17916,1.176062036129994
19.200365,0.5238396495847575,19.200365,1.173627274085381
19.22157,0.520240846833701,19.22157,1.171167169414446
19.242775,0.5166449371072215,19.242775,1.168681732140331
19.263979,0.5130538064401068,19.263979,1.166172032035875
19.285184,0.5094675689165235,19.285184,1.163638347502227
19.306389,0.5058886722562472,19.306389,1.161081542664937
19.327594,0.5023176750224941,19.327594,1.158502933375658
19.348799,0.4987552604683649,19.348799,1.155902595310205
19.370003,0.4952023824053334,19.370003,1.15328201214617
19.391208,0.491659964594629,19.391208,1.150641786476222
19.412413,0.4881281081901555,19.412413,1.147983471137673
19.433618,0.4846072410962119,19.433618,1.145307896647396
19.454823,0.481097490441898,19.454823,1.14261664407162
19.476028,0.4775983467239888,19.476028,1.139909724843809
19.497232,0.4741101686749961,19.497232,1.137189277139489
19.518437,0.4706317033098176,19.518437,1.134455023418866
19.539642,0.4671631005639854,19.539642,1.13170860318748
19.560847,0.4637033200088633,19.560847,1.128950295180103
19.582052,0.4602511550616408,19.582052,1.126180769563916
19.603257,0.4568063081563639,19.603257,1.123400642322875
19.624461,0.4533674875715566,19.624461,1.120609690653684
19.645666,0.4499336137723612,19.645666,1.11780823793809
19.666871,0.4465039054525357,19.666871,1.114995846442652
19.688076,0.4430769500610477,19.688076,1.112173630183435
19.709281,0.4396514721081431,19.709281,1.109340081727356
19.730485,0.4362268794403593,19.730485,1.106495318718644
19.75169,0.4328015491463592,19.75169,1.103638609755697
19.772895,0.4293747739030497,19.772895,1.100769138586423
19.7941,0.4259442477151918,19.7941,1.097885468599371
19.815305,0.4225100078260873,19.815305,1.094987080614744
19.83651,0.4190721484024027,19.83651,1.092072097238367
19.857714,0.4156285362641646,19.857714,1.089139605448765
19.878919,0.4121793193953064,19.878919,1.086188653658828
19.900124,0.4087237331465943,19.900124,1.083217009669479
19.921329,0.4052613908067196,19.921329,1.080222567288148
19.942534,0.4017928022986607,19.942534,1.077204463404701
19.963739,0.3983178111378337,19.963739,1.074161104615893
19.984943,0.3948361380547722,19.984943,1.071089900948565
20.006148,0.3913482638708864,20.006148,1.067989917384409
20.027353,0.3878547072852562,20.027353,1.064858804707616
20.048558,0.3843566580544506,20.048558,1.061694890536253
20.069763,0.380854892240689,20.069763,1.058496315035469
20.090967,0.3773508730997227,20.090967,1.055261901818275
20.112172,0.3738449612734502,20.112172,1.05198956984827
20.133377,0.3703399010191236,20.133377,1.048678521896417
20.154582,0.3668359187697891,20.154582,1.045327026006539
20.175787,0.3633353715399212,20.175787,1.041934063274664
20.196992,0.3598400857800499,20.196992,1.03849741806814
20.218196,0.356351590590693,20.218196,1.035017128416973
20.239401,0.3528730420278335,20.239401,1.03149279386236
20.260606,0.3494053286758981,20.260606,1.027922216759183
20.281811,0.3459515199200607,20.281811,1.024306816405612
20.303016,0.3425129974626742,20.303016,1.020644479449561
20.324221,0.3390930724303267,20.324221,1.016936139474962
20.345425,0.3356940868299504,20.345425,1.013181385504389
20.36663,0.332317685650559,20.36663,1.009380524973681
20.387835,0.3289655521760311,20.387835,1.005533855480998
20.40904,0.3256418133066816,20.40904,1.001641947291378
20.430245,0.3223475199453848,20.430245,0.9977058301999344
20.451449,0.3190852727146492,20.451449,0.9937265274024752
20.472654,0.3158565066991207,20.472654,0.9897041642956604
20.493859,0.3126640981282437,20.493859,0.9856408261929634
20.515064,0.3095088301089121,20.515064,0.9815374246127284
20.536269,0.3063939904840074,20.536269,0.9773951490593319
20.557474,0.3033200217150216,20.557474,0.973216335443051
20.578678,0.3002889239555979,20.578678,0.9690017739149969
20.599883,0.297301692984742,20.599883,0.9647540083625431
20.621088,0.2943604275523129,20.621088,0.9604738733087854
20.642293,0.2914655946674958,20.642293,0.9561643126967649
20.663498,0.2886186144063624,20.663498,0.9518270350131103
20.684703,0.2858195009649687,20.684703,0.9474633434238308
20.705907,0.2830704223460881,20.705907,0.9430762768764743
20.727112,0.2803703360698473,20.727112,0.9386674199885278
20.748317,0.2777198131496467,20.748317,0.9342383500027573
20.769522,0.2751196508933493,20.769522,0.9297918166491241
20.790727,0.2725688384723123,20.790727,0.9253295476240587
20.811931,0.2700680020463497,20.811931,0.9208532596072554
20.833136,0.2676164923538364,20.833136,0.9163654221868974
20.854341,0.2652147533371537,20.854341,0.9118666927724071
20.875546,0.2628614893904167,20.875546,0.9073599961451619
20.896751,0.2605564920346732,20.896751,0.9028464351933915
20.917956,0.2582987433304778,20.917956,0.8983280251701513
20.93916,0.2560880244719458,20.93916,0.8938059500126099
20.960365,0.2539222592429714,20.960365,0.8892820214864656
20.98157,0.2518015722161476,20.98157,0.8847581770012208
21.002775,0.2497239146754342,21.002775,0.8802340788454078
21.02398,0.2476888568891858,21.02398,0.8757115791326913
21.045185,0.2456950505382532,21.045185,0.8711917457477399
21.066389,0.2437416537560442,21.066389,0.8666758296939701
21.087594,0.2418268831570179,21.087594,0.8621642775117965
21.108799,0.2399499965586835,21.108799,0.8576578576848184
21.130004,0.23810953964282,21.130004,0.8531577537999144
21.151209,0.2363033897918842,21.151209,0.8486632382913349
21.172413,0.23453181725692,21.172413,0.8441754398854738
21.193618,0.232792733251522,21.193618,0.8396954547064752
21.214823,0.2310853280482374,21.214823,0.8352217842221079
21.236028,0.229407841924868,21.236028,0.8307562566340534
21.257233,0.2277598149049861,21.257233,0.8262980898474553
21.278438,0.2261393306301394,21.278438,0.8218473075078165
21.299642,0.2245462905391712,21.299642,0.8174038393565949
21.320847,0.2229792908188377,21.320847,0.8129678739864644
21.342052,0.2214370521034942,21.342052,0.8085390330987648
21.363257,0.2199194209605242,21.363257,0.8041172499801333
21.384462,0.2184250750018491,21.384462,0.7997021404182706
21.405667,0.2169526598340133,21.405667,0.7952933148273367
21.426871,0.2155021258038798,21.426871,0.790890110082299
21.448076,0.2140725059097038,21.448076,0.7864928720506373
21.469281,0.2126643245156651,21.469281,0.7821010899632502
21.490486,0.211274959913488,21.490486,0.7777140275746902
21.511691,0.2099047393938452,21.511691,0.7733317526262569
21.532895,0.2085543253952412,21.532895,0.7689531238255451
21.5541,0.2072214616648589,21.5541,0.7645781413135747
21.575305,0.2059072345065278,21.575305,0.760206412247441
21.59651,0.2046107386127539,21.59651,0.7558376507925871
21.617715,0.2033312143434658,21.617715,0.7514709460294446
21.63892,0.2020689617361648,21.63892,0.7471063279728875
21.660124,0.2008241177472277,21.660124,0.7427444555625794
21.681329,0.1995956113568455,21.681329,0.7383829684336664
21.702534,0.1983833915656409,21.702534,0.7340231399956587
21.723739,0.197187457658199,21.723739,0.7296635481218067
21.744944,0.1960072875580458,21.744944,0.7253046647967063
21.766149,0.1948435165856211,21.766149,0.7209452100925918
21.787353,0.1936947918063905,21.787353,0.7165861234861591
21.808558,0.1925625737915184,21.808558,0.7122256277509353
21.829763,0.1914453165662096,21.829763,0.7078653185706559
21.850968,0.1903436556205707,21.850968,0.7035038786211505
21.872173,0.189257395902295,21.872173,0.6991404450492891
21.893377,0.1881857930760911,21.893377,0.6947761457589612
21.914582,0.1871301640529369,21.914582,0.6904098046077265
21.935787,0.1860879130060652,21.935787,0.6860413335703271
21.956992,0.1850613456770552,21.956992,0.6816712562986665
21.978197,0.1840488883116864,21.978197,0.6772983045075246
21.999402,0.1830508152801421,21.999402,0.6729224331040872
22.020606,0.1820672186139861,22.020606,0.6685442932923987
22.041811,0.1810962809274137,22.041811,0.6641632803503523
22.063016,0.1801400494602872,22.063016,0.6597783244541721
22.084221,0.179197205551644,22.084221,0.655389684445459
22.105426,0.1782663953727771,22.105426,0.6509976249720142
22.12663,0.1773496971315007,22.12663,0.6466010478437497
22.147835,0.1764443068715234,22.147835,0.6421998080250199
22.16904,0.1755513900937944,22.16904,0.6377932976786943
22.190245,0.1746712097338376,22.190245,0.6333814265589751
22.21145,0.1738018208900284,22.21145,0.6289634909473598
22.232655,0.1729444069132326,22.232655,0.6245388441742993
22.253859,0.1720982733538576,22.253859,0.6201079064899746
22.275064,0.1712633348537594,22.275064,0.6156688475676115
22.296269,0.1704379031711799,22.296269,0.6112226098872559
22.317474,0.1696228369419963,22.317474,0.6067667647558254
22.338679,0.1688181639135001,22.338679,0.602301894789586
22.359884,0.1680227973225035,22.359884,0.5978266140111855
22.381088,0.1672371847867756,22.381088,0.5933399329013732
22.402293,0.166461568953218,22.402293,0.5888416204195887
22.423498,0.1656938256022752,22.423498,0.5843307657848568
22.444703,0.1649362133842396,22.444703,0.5798059627888726
22.465908,0.1641876218201984,22.465908,0.5752656561615446
22.487112,0.163448068942983,22.487112,0.5707103216529295
22.508317,0.1627174607545663,22.508317,0.5661377677159631
22.529522,0.1619962953757501,22.529522,0.5615467920979224
22.550727,0.1612848537529211,22.550727,0.5569369839129927
22.571932,0.1605820030099798,22.571932,0.5523065993546494
22.593137,0.1598891071310219,22.593137,0.547654568664551
22.614341,0.1592069831775325,22.614341,0.5429786952473284
22.635546,0.1585359855448825,22.635546,0.5382784211843228
22.656751,0.1578756251618267,22.656751,0.5335529149205706
22.677956,0.1572276581952308,22.677956,0.5288000912457905
22.699161,0.1565927794749685,22.699161,0.5240184143555416
22.720366,0.1559705731825902,22.720366,0.5192069141478238
22.74157,0.1553638301505096,22.74157,0.5143636065265859
22.762775,0.1547731177209284,22.762775,0.5094877014895025
22.78398,0.1541984067516078,22.78398,0.5045771979040812
22.805185,0.1536421498754542,22.805185,0.4996317746284273
22.82639,0.1531056291526416,22.82639,0.4946486972369645
22.847594,0.1525896259916307,22.847594,0.4896269947217635
22.868799,0.1520968492103041,22.868799,0.4845662509293254
22.890004,0.1516278855607393,22.890004,0.4794632579036904
22.911209,0.1511850378109764,22.911209,0.474319423656576
22.932414,0.1507712900282567,22.932414,0.4691310924430235
22.953619,0.1503875626331843,22.953619,0.4638980696173998
22.974823,0.1500361417647623,22.974823,0.4586194978799483
22.996028,0.1497197687904394,22.996028,0.4532935132633851
23.017233,0.1494420172675137,23.017233,0.4479195424682695
23.038438,0.1492039366722074,23.038438,0.4424983782100044
23.059643,0.1490080356268342,23.059643,0.4370267665502514
23.080848,0.1488580097551324,23.080848,0.4315051645904821
23.102052,0.1487570686726314,23.102052,0.4259327006465622
23.123257,0.1487082453431462,23.123257,0.4203095790403038
23.144462,0.1487140634373016,23.144462,0.4146346255006132
23.165667,0.1487779135233641,23.165667,0.4089081407264542
23.186872,0.1489033863590678,23.186872,0.4031305228697001
23.208076,0.1490935955229437,23.208076,0.3973007679654786
23.229281,0.1493525663625412,23.229281,0.3914194541397722
23.250486,0.1496856901777346,23.250486,0.3854877505757929
23.271691,0.1500941005689658,23.271691,0.3795052555968189
23.292896,0.1505836526117135,23.292896,0.37347347487323
23.314101,0.1511581938875576,23.314101,0.3673932492294169
23.335305,0.1518206261461554,23.335305,0.3612651415835891
23.35651,0.1525776041654196,23.35651,0.3550914322999915
23.377715,0.1534313178734881,23.377715,0.3488727121808115
23.39892,0.1543884054886825,23.39892,0.3426131634209897
23.420125,0.1554525585516019,23.420125,0.3363116084232586
23.44133,0.1566272978435442,23.44133,0.3299744087497852
23.462534,0.1579203918235171,23.462534,0.3236029204962359
23.483739,0.1593343367053933,23.483739,0.3172009313563686
23.504944,0.1608754472615911,23.504944,0.3107714747714419
23.526149,0.1625475958578737,23.526149,0.3043200961474195
23.547354,0.1643552649126009,23.547354,0.297851730067984
23.568558,0.1663049019347117,23.568558,0.2913714474815851
23.589763,0.1683988082087225,23.589763,0.2848862204567257
23.610968,0.1706452028969134,23.610968,0.2784022005511608
23.632173,0.1730436531183337,23.632173,0.2719284940651461
23.653378,0.1755998822617815,23.653378,0.2654699957628951
23.674583,0.178317076062157,23.674583,0.2590385678144416
23.695787,0.181196722670133,23.695787,0.2526425385923698
23.716992,0.1842398097065721,23.716992,0.2462931332390611
23.738197,0.1874481981695003,23.738197,0.2399996395767965
23.759402,0.1908193573751813,23.759402,0.2337734526182927
23.780607,0.1943517134860186,23.780607,0.2276259838747577
23.801812,0.198043545772209,23.801812,0.2215699573995289
23.823016,0.2018902658094778,23.823016,0.2156146549486412
23.844221,0.2058860078050412,23.844221,0.2097714189538163
23.865426,0.2100222243567337,23.865426,0.2040498339223783
23.886631,0.2142926449417028,23.886631,0.1984599145321561
23.907836,0.2186860338066468,23.907836,0.1930118685005714
23.92904,0.2231927785683324,23.92904,0.1877099262294157
23.950245,0.2278032725152135,23.950245,0.1825632245788856
23.97145,0.2325042213548576,23.97145,0.1775731200036442
23.992655,0.2372839407487057,23.992655,0.1727445181105186
24.01386,0.2421342442337768,24.01386,0.1680803148219989
24.035065,0.2470403563592636,24.035065,0.1635785367036639
24.056269,0.2519931074324643,24.056269,0.15924046657012
24.077474,0.2569818666185297,24.077474,0.155063470136405
24.098679,0.2619960720045449,24.098679,0.1510461576664917
24.119884,0.2670272153000035,24.119884,0.1471853719323848
24.141089,0.2720681798687296,24.141089,0.1434750657678308
24.162294,0.2771113027689438,24.162294,0.1399130948921553
24.183498,0.2821488516920361,24.183498,0.1364953277996525
24.204703,0.2871760591827782,24.204703,0.1332144472936419
24.225908,0.2921867677637329,24.225908,0.1300657804967071
24.247113,0.2971781618749368,24.247113,0.127046683921172
24.268318,0.3021452764979213,24.268318,0.1241521973627745
24.289522,0.3070840763465941,24.289522,0.1213739261358915
24.310727,0.3119925361951446,24.310727,0.1187111731956119
24.331932,0.3168687407512873,24.331932,0.1161585075029225
24.353137,0.3217107434824151,24.353137,0.1137092892951508
24.374342,0.3265143730761987,24.374342,0.1113626320869934
24.395547,0.3312798759361991,24.395547,0.1091116684883129
24.416751,0.3360050895237928,24.416751,0.1069552251453478
24.437956,0.3406899250294906,24.437956,0.1048886314935987
24.459161,0.3453318812067607,24.459161,0.1029082512619871
24.480366,0.349931773563548,24.480366,0.1010111189391064
24.501571,0.3544862487951695,24.501571,0.09919425681394486
24.522776,0.3589974293358044,24.522776,0.09745334406635749
24.54398,0.3634617709612656,24.54398,0.09578861597444401
24.565185,0.3678809818965013,24.565185,0.09419350742558609
24.58639,0.3722531158395,24.58639,0.09266812964669242
24.607595,0.3765791850891396,24.607595,0.09120790888075708
24.6288,0.3808571582848094,24.6288,0.08981188683454057
24.650004,0.3850870303105484,24.650004,0.08847610362915598
24.671209,0.3892682301751462,24.671209,0.08719951274915841
24.692414,0.3933997184047138,24.692414,0.08597870923029799
24.713619,0.397483240627453,24.713619,0.08481112297158744
24.734824,0.4015167108932937,24.734824,0.08369390137022384
24.756029,0.4054998459258551,24.756029,0.08262641857113388
24.777233,0.409434037044403,24.777233,0.08160410951954278
24.798438,0.4133176663183328,24.798438,0.08062563668482103
24.819643,0.4171512864557102,24.819643,0.07968811574917527
24.840848,0.4209343279891052,24.840848,0.07878901242965006
24.862053,0.4246687622621017,24.862053,0.07792661702669644
24.883257,0.4283527190885735,24.883257,0.07709767798432297
24.904462,0.4319868693995819,24.904462,0.07629977282830787
24.925667,0.4355720810498822,24.925667,0.07553170056423408
24.946872,0.4391086379359097,24.946872,0.07478900928565486
24.968077,0.4425974113928969,24.968077,0.0740706998191136
24.989282,0.4460388907213111,24.989282,0.07337364673980508
25.010486,0.4494339266265556,25.010486,0.07269700408520403
25.031691,0.4527826598179824,25.031691,0.07203566499899038
25.052896,0.4560871761188857,25.052896,0.07138986076537429
25.074101,0.4593479376032358,25.074101,0.07075682144038226
25.095306,0.4625664671499074,25.095306,0.07013370467575732
25.116511,0.4657432139641978,25.116511,0.06951792109737295
25.137715,0.4688811770012685,25.137715,0.06890978265888587
25.15892,0.4719804414580591,25.15892,0.06830473716327665
25.180125,0.4750427405793861,25.180125,0.06770232918573647
25.20133,0.4780716680369839,25.20133,0.06710081802529733
25.222535,0.4810665179577079,25.222535,0.06649808042307434
25.243739,0.4840306683723049,25.243739,0.0658914859821822
25.264944,0.486965822169088,25.264944,0.06528178889105204
25.286149,0.4898743701576827,25.286149,0.06466760036823939
25.307354,0.4927573983574742,25.307354,0.06404571520427037
25.328559,0.4956174904612804,25.328559,0.06341684989919756
25.349764,0.4984579031919498,25.349764,0.062779624517157
25.370968,0.5012808485497585,25.370968,0.06213283449808149
25.392173,0.5040866631996729,25.392173,0.06147653223613417
25.413378,0.5068795645649735,25.413378,0.06081030318603216
25.434583,0.5096617486645051,25.434583,0.06013400079623133
25.455788,0.5124341804199762,25.455788,0.05944568329738314
25.476993,0.5152012401206679,25.476993,0.05874791759606597
25.498197,0.5179629580322725,25.498197,0.05803986469265416
25.519402,0.5207242185710854,25.519402,0.05732112879617352
25.540607,0.5234852943781358,25.540607,0.0565937578727854
25.561812,0.5262489568103172,25.561812,0.05585664279158855
25.583017,0.5290172877272634,25.583017,0.05511162050157983
25.604221,0.5317922184482058,25.604221,0.05435957691211593
25.625426,0.5345755422029121,25.625426,0.05360046941527266
25.646631,0.5373711316541878,25.646631,0.05283685394970497
25.667836,0.54017882871323,25.667836,0.0520688677618126
25.689041,0.5430003883171969,25.689041,0.05129738504667262
25.710246,0.54583868339134,25.710246,0.0505259169772458
25.73145,0.5486952702568126,25.73145,0.04975439279296583
25.752655,0.5515700337605863,25.752655,0.0489847133568674
25.77386,0.5544655304047613,25.77386,0.04821850689344568
25.795065,0.5573833606752217,25.795065,0.04745746261236735
25.81627,0.5603242658215609,25.81627,0.04670420611113396
25.837475,0.5632888071146945,25.837475,0.04595954983129762
25.858679,0.5662794209536474,25.858679,0.04522590624407725
25.879884,0.5692949827554549,25.879884,0.04450592534184287
25.901089,0.5723377119874558,25.901089,0.04380018907534341
25.922294,0.5754073127828441,25.922294,0.04311120044691168
25.943499,0.5785043365891158,25.943499,0.04244134131260364
25.964703,0.5816310168371881,25.964703,0.04179281932415302
25.985908,0.5847852106700643,25.985908,0.0411672517716638
26.007113,0.5879690993850716,26.007113,0.0405667577172774
26.028318,0.5911814940541593,26.028318,0.03999448602129946
26.049523,0.5944227772237364,26.049523,0.0394517183704305
26.070728,0.5976933163759166,26.070728,0.0389397026239489
26.091932,0.6009928484714619,26.091932,0.03846302008217268
26.113137,0.6043207852360296,26.113137,0.03802119761779478
26.134342,0.6076768082255174,26.134342,0.03761785819464172
26.155547,0.6110613096585605,26.155547,0.03725485420230628
26.176752,0.6144722371764915,26.176752,0.03693413408599848
26.197957,0.6179108541416022,26.197957,0.03665820052872727
26.219161,0.6213751389093664,26.219161,0.03642887940404337
26.240366,0.6248648029734487,26.240366,0.0362494413066861
26.261571,0.6283786340361287,26.261571,0.03612073799233442
26.282776,0.6319155433417758,26.282776,0.03604516495914175
26.303981,0.6354744273083571,26.303981,0.03602426630598568
26.325185,0.639055127418806,26.325185,0.03606183412232775
26.34639,0.6426549959336826,26.34639,0.03615859231941293
26.367595,0.6462731296175176,26.367595,0.0363174622684542
26.3888,0.6499078064170372,26.3888,0.03653979805369741
26.410005,0.6535574449605942,26.410005,0.0368284382430243
26.43121,0.6572204324771969,26.43121,0.03718463211480864
26.452414,0.6608952551015063,26.452414,0.03761034718910535
26.473619,0.6645789555387115,26.473619,0.03810758644843186
26.494824,0.6682701584526153,26.494824,0.03867821968865119
26.516029,0.6719661061159443,26.516029,0.03932490010953097
26.537234,0.6756647391705086,26.537234,0.04004796821752078
26.558439,0.6793634247321099,26.558439,0.04084927005150905
26.579643,0.6830589352723628,26.579643,0.04173139172629946
26.600848,0.6867494664314264,26.600848,0.04269460907244508
26.622053,0.6904319313877325,26.622053,0.04374073478800374
26.643258,0.6941033010435892,26.643258,0.04487084264427682
26.664463,0.697759933010965,26.664463,0.04608605120279193
26.685667,0.7013997180373387,26.685667,0.04738738717062133
26.706872,0.7050178049583145,26.706872,0.04877607311212978
26.728077,0.7086121417498338,26.728077,0.05025104412135675
26.749282,0.7121788501586946,26.749282,0.05181423176464363
26.770487,0.7157140719535343,26.770487,0.05346618363329363
26.791692,0.7192145936276572,26.791692,0.05520535922350225
26.812896,0.7226768120473634,26.812896,0.05703310153709306
26.834101,0.7260963287720784,26.834101,0.05894810137985913
26.855306,0.7294696408184033,26.855306,0.06095044606670397
26.876511,0.7327932805226002,26.876511,0.06303960643178318
26.897716,0.7360637453721803,26.897716,0.06521378114571955
26.918921,0.7392763827326305,26.918921,0.06747273572519923
26.940125,0.7424277891591884,26.940125,0.06981419709343124
26.96133,0.7455146792029402,26.96133,0.07223667286816801
26.982535,0.7485324342826104,26.982535,0.07473824438030723
27.00374,0.7514778892892308,27.00374,0.07731764410920326
27.024945,0.7543469928165204,27.024945,0.07997115462044807
27.046149,0.7571373102000237,27.046149,0.08269768132739161
27.067354,0.7598447693812624,27.067354,0.08549311993408576
27.088559,0.7624661050576795,27.088559,0.08835474725122859
27.109764,0.7649987051477788,27.109764,0.09127989306401604
27.130969,0.7674385107722238,27.130969,0.09426488113973641
27.152174,0.7697832959902309,27.152174,0.09730530707820217
27.173378,0.7720309539457106,27.173378,0.1003981765288786
27.194583,0.77417782096051,27.194583,0.1035388741833883
27.215788,0.7762228071865149,27.215788,0.1067232233232932
27.236993,0.7781634892201835,27.236993,0.1099473326430912
27.258198,0.779997831688622,27.258198,0.1132060839308203
27.279403,0.7817243394445942,27.279403,0.1164943899082145
27.300607,0.7833423314814116,27.300607,0.1198090492856597
27.321812,0.7848493165458967,27.321812,0.1231440200844567
27.343017,0.7862458948192274,27.343017,0.1264935062368326
27.364222,0.7875308787446771,27.364222,0.1298533210062923
27.385427,0.7887047281424466,27.385427,0.1332184228785598
27.406631,0.7897676696669458,27.406631,0.1365832055970202
27.427836,0.7907192911018259,27.427836,0.1399428359030009
27.449041,0.7915602854190805,27.449041,0.1432923077235349
27.470246,0.7922922111352353,27.470246,0.1466251950571947
27.491451,0.7929163228669172,27.491451,0.1499376372656086
27.512656,0.7934346264339749,27.512656,0.1532237136491
27.53386,0.7938480085473802,27.53386,0.1564789464261609
27.555065,0.7941602666473191,27.555065,0.1596982439519636
27.57627,0.7943726476271089,27.57627,0.1628769575418908
27.597475,0.7944894270777765,27.597475,0.1660103904530479
27.61868,0.7945123523336383,27.61868,0.1690942873391396
27.639885,0.7944463372558486,27.639885,0.1721249045874348
27.661089,0.7942947341586819,27.661089,0.1750974720326111
27.682294,0.7940604640939217,27.682294,0.1780084847333252
27.703499,0.793749502653502,27.703499,0.1808542865477115
27.724704,0.7933656327292968,27.724704,0.1836328597935499
27.745909,0.7929139639452213,27.745909,0.1863398889645579
27.767113,0.7923989106057983,27.767113,0.1889736318359147
27.788318,0.791826050297898,27.788318,0.1915319658186833
27.809523,0.7912010774055059,27.809523,0.1940132595665393
27.830728,0.7905296691749254,27.830728,0.1964157779961095
27.851933,0.7898164491806976,27.851933,0.1987385805433997
27.873138,0.7890675352243604,27.873138,0.2009815293628925
27.894342,0.7882889072876622,27.894342,0.2031437947680814
27.915547,0.7874870216831069,27.915547,0.2052262393538656
27.936752,0.7866665855851828,27.936752,0.207230106104904
27.957957,0.7858345620469159,27.957957,0.2091553463516247
27.979162,0.7849954521158427,27.979162,0.2110044071638223
28.000366,0.7841557506218372,28.000366,0.2127797951716679
28.021571,0.7833204937435899,28.021571,0.2144830900530424
28.042776,0.7824954159171759,28.042776,0.2161181989823948
28.063981,0.7816861490082407,28.063981,0.2176883909429565
28.085186,0.7808967653032274,28.085186,0.2191979882686967
28.106391,0.7801318200389904,28.106391,0.2206505305621257
28.127595,0.7793964241553274,28.127595,0.2220513138581058
28.1488,0.7786945611306275,28.1488,0.2234059523254036
28.170005,0.7780291623608078,28.170005,0.2247184404624153
28.19121,0.7774036385308712,28.19121,0.2259964982052541
28.212415,0.7768213595641377,28.212415,0.2272452962661167
28.23362,0.7762835369330774,28.23362,0.2284712885973387
28.254824,0.775792783713927,28.254824,0.2296811774234105
28.276029,0.7753503920135888,28.276029,0.2308814206375775
28.297234,0.7749568592214698,28.297234,0.2320800156291039
28.318439,0.7746123683577837,28.318439,0.2332837782891363
28.339644,0.7743159528961422,28.339644,0.234499882536134
28.360848,0.7740678642442892,28.360848,0.2357351447190584
28.382053,0.7738654333999445,28.382053,0.2369972763794636
28.403258,0.7737070326491688,28.403258,0.2382930388634591
28.424463,0.7735893032243538,28.424463,0.2396297353483935
28.445668,0.7735099287486215,28.445668,0.2410137130386928
28.466873,0.7734635092019426,28.466873,0.2424516448015633
28.488077,0.7734468365005313,28.488077,0.2439508329411473
28.509282,0.7734540720166931,28.509282,0.2455161940060245
28.530487,0.7734798104829638,28.530487,0.2471538331176785
28.551692,0.7735183430115383,28.551692,0.24886869424521
28.572897,0.7735620883792129,28.572897,0.250665722781575
28.594102,0.773605302199128,28.594102,0.2525493290242604
28.615306,0.7736396049680263,28.615306,0.2545235517100214
28.636511,0.7736576813192971,28.636511,0.2565915194708331
28.657716,0.7736513322127883,28.657716,0.2587554517969083
28.678921,0.7736124432185841,28.678921,0.2610176474927068
28.700126,0.7735314355232763,28.700126,0.2633797291795641
28.72133,0.7734009327692202,28.72133,0.2658420636549076
28.742535,0.7732105399578841,28.742535,0.2684055496854765
28.76374,0.7729522189043777,28.76374,0.2710685018758193
28.784945,0.7726156714169953,28.784945,0.2738301950463726
28.80615,0.7721923747325975,28.80615,0.2766894714208845
28.827355,0.7716735857729812,28.827355,0.2796428489694141
28.848559,0.7710492049588666,28.848559,0.2826868876826452
28.869764,0.7703110447138444,28.869764,0.2858183087349975
28.890969,0.7694500370180868,28.890969,0.2890317620385953
28.912174,0.7684572598116234,28.912174,0.2923226986691058
28.933379,0.7673241965749137,28.933379,0.295684667592584
28.954584,0.7660435610196009,28.954584,0.2991115801496008
28.975788,0.7646066941955439,28.975788,0.3025960951642272
28.996993,0.7630067898661959,28.996993,0.3061296479956115
29.018198,0.7612361513485402,29.018198,0.3097054699548225
29.039403,0.7592887572681482,29.039403,0.3133136079295133
29.060608,0.7571579687349898,29.060608,0.3169450892802975
29.081812,0.7548382971992378,29.081812,0.3205898546720482
29.103017,0.7523252810475883,29.103017,0.3242380738027732
29.124222,0.7496128170391768,29.124222,0.3278785986755011
29.145427,0.7466971313769623,29.145427,0.3315005369627392
29.166632,0.7435757198507688,29.166632,0.3350923024355962
29.187837,0.7402453439690295,29.187837,0.3386431296628161
29.209041,0.7367037869334666,29.209041,0.3421395470887728
29.230246,0.7329485607519176,29.230246,0.3455699534223245
29.251451,0.7289792014072415,29.251451,0.3489221633607409
29.272656,0.7247964405527912,29.272656,0.3521830209393914
29.293861,0.7203991172760904,29.293861,0.3553405242470528
29.315066,0.7157900456318607,29.315066,0.3583816254018352
29.33627,0.7109693286296964,29.33627,0.3612926601138767
29.357475,0.7059405204356638,29.357475,0.3640618332000428
29.37868,0.7007067359915132,29.37868,0.3666755103137926
29.399885,0.6952717935998272,29.399885,0.3691203963146993
29.42109,0.6896400446753518,29.42109,0.3713857714288759
29.442294,0.6838179684238601,29.442294,0.3734568434763718
29.463499,0.6778104267968234,29.463499,0.3753224942292851
29.484704,0.671625151116687,29.484704,0.3769699505431601
29.505909,0.6652691633587144,29.505909,0.3783874465623878
29.527114,0.6587508634998334,29.527114,0.3795638288374908
29.548319,0.6520800423264292,29.548319,0.3804870321054817
29.569523,0.6452650849609941,29.569523,0.3811456806389376
29.590728,0.6383172578529097,29.590728,0.3815297126998866
29.611933,0.631247190313357,29.611933,0.3816294214005354
29.633138,0.6240668956103708,29.633138,0.3814334675887336
29.654343,0.6167883715186805,29.654343,0.3809329274828652
29.675548,0.6094257208085941,29.675548,0.3801193354501641
29.696752,0.6019924226378741,29.696752,0.3789840061446088
29.717957,0.5945017516661274,29.717957,0.3775186521671397
29.739162,0.5869702088193575,29.739162,0.3757166832088243
29.760367,0.5794126096675839,29.760367,0.3735705719697416
29.781572,0.5718466931654351,29.781572,0.3710749795987911
29.802776,0.5642882892281702,29.802776,0.3682231298547867
29.823981,0.5567562247679346,29.823981,0.3650116351814595
29.845186,0.549268637224786,29.845186,0.3614360743461749
29.866391,0.54184468630759,29.866391,0.3574935860680168
29.887596,0.5345040553276262,29.887596,0.3531806692921884
29.908801,0.5272674701775482,29.908801,0.3484967504976649
29.930005,0.5201575079910062,29.930005,0.3434411639850613
29.95121,0.5131951572272333,29.95121,0.3380137118542451
29.972415,0.5064045223468748,29.972415,0.3322176097881726
29.99362,0.499808429699878,29.99362,0.3260559252629184
30.014825,0.4934306820563256,30.014825,0.3195322174594773
30.03603,0.4872991686258816,30.03603,0.312653929678607
30.057234,0.4814373818034379,30.057234,0.3054291286006449
30.078439,0.4758728559634713,30.078439,0.2978673782790434
30.099644,0.4706322439022765,30.099644,0.2899822563545775
30.120849,0.4657439358529512,30.120849,0.2817878879295523
30.142054,0.4612341272058481,30.142054,0.2733037140240513
30.163258,0.4571296608479931,30.163258,0.2645496679774918
30.184463,0.4534584649231029,30.184463,0.2555515200706445
30.205668,0.4502449161194869,30.205668,0.2463381507023298
30.226873,0.4475120446038054,30.226873,0.236938874112034
30.248078,0.4452811060079745,30.248078,0.227392311584374
30.269283,0.4435695150803164,30.269283,0.2177358829145692
30.290487,0.4423910065907841,30.290487,0.2080139483602175
30.311692,0.4417543179661494,30.311692,0.1982697088355604
30.332897,0.4416627133796479,30.332897,0.1885522537385141
30.354102,0.4421125430499194,30.354102,0.1789091968627295
30.375307,0.4430951319049242,30.375307,0.1693880040553113
30.396512,0.444593028026664,30.396512,0.1600373724163141
30.417716,0.4465868754919559,30.417716,0.1509000906615623
30.438921,0.4490457262696735,30.438921,0.1420178308560531
30.460126,0.4519400017152873,30.460126,0.1334270030781395
30.481331,0.4552310978472232,30.481331,0.1251573108019987
30.502536,0.4588800400670743,30.502536,0.1172343429715021
30.52374,0.4628466094339626,30.52374,0.1096767243516834
30.544945,0.4670898608087943,30.544945,0.1024984783807977
30.56615,0.4715681046087699,30.56615,0.09570515808621692
30.587355,0.4762444909170779,30.587355,0.08930182041182939
30.60856,0.481079333020926,30.60856,0.08328460037641479
30.629765,0.4860384744771363,30.629765,0.07764920264923461
30.650969,0.4910913282101487,30.650969,0.07238572126606202
30.672174,0.4962066976361314,30.672174,0.06748397423800052
30.693379,0.5013592032478204,30.693379,0.0629289335781973
30.714584,0.5065260105412228,30.714584,0.0587077452710198
30.735789,0.5116859311864129,30.735789,0.0548041255208633
30.756993,0.5168226713772737,30.756993,0.05120228168296187
30.778198,0.5219185382094541,30.778198,0.04788486740812093
30.799403,0.5269613781514619,30.799403,0.04483630296186339
30.820608,0.5319411548662837,30.820608,0.04204036441892051
30.841813,0.5368461512564301,30.841813,0.03948151616695814
30.863018,0.5416711465984518,30.863018,0.03714338510800328
30.884222,0.5464081445201467,30.884222,0.03501228924177321
30.905427,0.5510524190263737,30.905427,0.03307217130486412
30.926632,0.5556009248327642,30.926632,0.03131114298493355
30.947837,0.5600499918528973,30.947837,0.0297152044319129
30.969042,0.5643991379265506,30.969042,0.02827343085360394
30.990247,0.5686444743700548,30.990247,0.02697291663124214
31.011451,0.5727886390011629,31.011451,0.02580358441775937
31.032656,0.5768290694674725,31.032656,0.0247543002872278
31.053861,0.5807677647029813,31.053861,0.02381588793426536
31.075066,0.5846050149819974,31.075066,0.02297876284967154
31.096271,0.5883429677415899,31.096271,0.02223617977489968
31.117475,0.5919828213117391,31.117475,0.02157917348292938
31.13868,0.5955258155856377,31.13868,0.02099992926033215
31.159885,0.5989749386951334,31.159885,0.0204933448914258
31.18109,0.6023313480663189,31.18109,0.02005125590552897
31.202295,0.6055979435024985,31.202295,0.01966899017376015
31.2235,0.6087775053684438,31.2235,0.01934039923645692
31.244704,0.61187280335363,31.244704,0.01906115116749095
31.265909,0.6148848909488455,31.265909,0.0188262879286833
31.287114,0.6178172636408401,31.287114,0.01863253210530559
31.308319,0.6206732630930216,31.308319,0.01847429345169246
31.329524,0.623453847724863,31.329524,0.01834939353048727
31.350729,0.6261630854864975,31.350729,0.01825403040346823
31.371933,0.6288018034808155,31.371933,0.01818538041192001
31.393138,0.6313739630550854,31.393138,0.01814059601789552
31.414343,0.6338818462224353,31.414343,0.01811615219529466
31.435548,0.6363269880761917,31.435548,0.01811175734482605
31.456753,0.6387123594247549,31.456753,0.01812396429971344
31.477957,0.6410401373508893,31.477957,0.01815096952912173
31.499162,0.6433124753297227,31.499162,0.01819178151955122
31.520367,0.6455314394077957,31.520367,0.01824388291731245
31.541572,0.64769832706847,31.541572,0.01830636193498546
31.562777,0.6498159006168079,31.562777,0.01837674330324186
31.583982,0.6518861955534685,31.583982,0.01845567536490839
31.605186,0.6539111465554851,31.605186,0.01854150990370252
31.626391,0.6558918930846125,31.626391,0.0186326437768967
31.647596,0.6578303327802092,31.647596,0.01872823338493923
31.668801,0.6597275968743599,31.668801,0.01882822555680596
31.690006,0.6615862845850927,31.690006,0.0189317709448208
31.711211,0.6634066779895283,31.711211,0.01903734228041544
31.732415,0.6651913237447191,31.732415,0.0191441162045089
31.75362,0.666941280064411,31.75362,0.01925281937678218
31.774825,0.6686575455762493,31.774825,0.01936267688244252
31.79603,0.6703411032379299,31.79603,0.01947292197501845
31.817235,0.671994407852883,31.817235,0.01958275224647547
31.838439,0.6736169623592223,31.838439,0.01969294234150513
31.859644,0.6752119048844373,31.859644,0.01980193166512425
31.880849,0.6767779542281227,31.880849,0.01990977973768059
31.902054,0.6783175198650973,31.902054,0.02001643714392085
31.923259,0.6798307816132626,31.923259,0.0201219191157218
31.944464,0.6813200707774578,31.944464,0.02022470875439812
31.965668,0.6827855437166392,31.965668,0.0203248298498822
31.986873,0.6842273965600957,31.986873,0.02042376565196863
32.008078,0.6856479203496437,32.008078,0.02052000681753006
32.029283,0.6870465198052508,32.029283,0.02061359688426117
32.050488,0.6884247575613794,32.050488,0.02070378765936409
32.071693,0.6897835011179231,32.071693,0.0207913062239919
32.092897,0.6911228650314232,32.092897,0.02087617228427828
32.114102,0.6924436391117877,32.114102,0.02095694029136322
32.135307,0.693747412701698,32.135307,0.02103503340382877
32.156512,0.6950342374548431,32.156512,0.02110903205822752
32.177717,0.6963049242154242,32.177717,0.02117893969601965
32.198921,0.6975603204340625,32.198921,0.02124619128389904
32.220126,0.6988004428499548,32.220126,0.02130865850523976
32.241331,0.7000268429333072,32.241331,0.0213677520383673
32.262536,0.7012395706453115,32.262536,0.02142277850375105
32.283741,0.7024394076615147,32.283741,0.02147373828330051
32.304946,0.7036264197031825,32.304946,0.02152065297148409
32.32615,0.7048027976722211,32.32615,0.02156347853640055
32.347355,0.7059671794492327,32.347355,0.02160227903497983
32.36856,0.7071217435401668,32.36856,0.02163700966597544
32.389765,0.7082658326774659,32.389765,0.02166771188437177
32.41097,0.7094016100945909,32.41097,0.02169434038632632
32.432175,0.710527709690859,32.432175,0.02171695739595237
32.453379,0.7116462834202811,32.453379,0.02173551715278891
32.474584,0.7127573669659356,32.474584,0.02175003825774684
32.495789,0.7138617167085441,32.495789,0.02176121738482642
32.516994,0.7149593428736047,32.516994,0.0217683706844732
32.538199,0.7160509956414743,32.538199,0.02177219233671157
32.559403,0.7171381169744314,32.559403,0.02177335108873694
32.580608,0.7182199900917694,32.580608,0.02177048845159843
32.601813,0.719298091263176,32.601813,0.02176566320717762
32.623018,0.7203717023679848,32.623018,0.02175751760997625
32.644223,0.7214429630141386,32.644223,0.02174738794935411
32.665428,0.7225111717888681,32.665428,0.02173461202145795
32.686632,0.7235770745200792,32.686632,0.0217205610202951
32.707837,0.7246413503429462,32.707837,0.02170453009969209
32.729042,0.7257040479399313,32.729042,0.02168790438013757
32.750247,0.7267658617120183,32.750247,0.02167066565688628
32.771452,0.7278267956453747,32.771452,0.02165281643145031
32.792657,0.7288882447897232,32.792657,0.02163500387435846
32.813861,0.7299488584039258,32.813861,0.02161795284467442
32.835066,0.7310100067468648,32.835066,0.02160161947751302
32.856271,0.732072389877622,32.856271,0.02158666303839396
32.877476,0.733134659401757,32.877476,0.02157379929753474
32.898681,0.7341988567206583,32.898681,0.0215629592106862
32.919885,0.7352636540760804,32.919885,0.02155553305557525
32.94109,0.7363304052561476,32.94109,0.02155146641605767
32.962295,0.7373984238277907,32.962295,0.02155076480569104
32.9835,0.738467743352383,32.9835,0.02155476680367942
33.004705,0.7395383576727311,33.004705,0.0215634521651912
33.02591,0.7406109746018772,33.02591,0.02157813014935505
33.047114,0.7416848918701858,33.047114,0.02159812094811248
33.068319,0.7427608153544942,33.068319,0.02162472719072311
33.089524,0.7438373929845324,33.089524,0.02165795932275079
33.110729,0.7449153316927534,33.110729,0.02169911037173682
33.131934,0.745994606363978,33.131934,0.02174747627073914
33.153139,0.747075231209976,33.153139,0.02180369435300118
33.174343,0.7481559047092855,33.174343,0.02186910495127037
33.195548,0.7492372946663992,33.195548,0.02194364871722038
33.216753,0.7503187337320952,33.216753,0.02202730553959648
33.237958,0.7514008884257531,33.237958,0.02212001643333477
33.259163,0.7524818250009069,33.259163,0.02222379258127576
33.280367,0.7535628384296797,33.280367,0.02233722145199807
33.301572,0.754642646945577,33.301572,0.02246162480825501
33.322777,0.7557219207644603,33.322777,0.02259693616234598
33.343982,0.7567993464640551,33.343982,0.02274314860394439
33.365187,0.7578742976306371,33.365187,0.02290089537837678
33.386392,0.7589474487123309,33.386392,0.02307010851634941
33.407596,0.7600188135309808,33.407596,0.02325074022562952
33.428801,0.761086477737809,33.428801,0.02344411643343745
33.450006,0.7621510797208779,33.450006,0.02364885451136659
33.471211,0.7632120264543394,33.471211,0.02386623817318705
33.492416,0.7642693217590579,33.492416,0.02409556353461173
33.513621,0.765322378859374,33.513621,0.02433810968360899
33.534825,0.7663711842996443,33.534825,0.02459252172590951
33.55603,0.7674145063024089,33.55603,0.02486009821722355
33.577235,0.7684523580860512,33.577235,0.02514014017487947
33.59844,0.7694847953405946,33.59844,0.02543325107721923
33.619645,0.7705111833090791,33.619645,0.02573875685337676
33.640849,0.7715315812496095,33.640849,0.02605726128208335
33.662054,0.7725447565920959,33.662054,0.026389409579236
33.683259,0.7735507090825587,33.683259,0.02673386470620232
33.704464,0.7745495269918569,33.704464,0.02709187633423035
33.725669,0.7755399672907305,33.725669,0.02746344598384255
33.746874,0.7765227000119674,33.746874,0.0278478658765117
33.768078,0.7774964875428095,33.768078,0.02824514367827396
33.789283,0.7784607639828607,33.789283,0.02865590795593539
33.810488,0.7794155845722101,33.810488,0.02908012163041388
33.831693,0.7803610045909123,33.831693,0.02951774866310156
33.852898,0.781295137783918,33.852898,0.02996818854704762
33.874102,0.782218708674393,33.874102,0.03043202589764301
33.895307,0.7831305022742896,33.895307,0.03090928003660098
33.916512,0.7840305575579168,33.916512,0.03139928637052065
33.937717,0.7849176917256865,33.937717,0.03190270809789741
33.958922,0.7857919471502938,33.958922,0.03241888656709235
33.980127,0.7866527565536683,33.980127,0.03294782835764683
34.001331,0.7874989214450554,34.001331,0.03348956967662345
34.022536,0.7883298543461549,34.022536,0.03404349061759074
34.043741,0.7891456285985089,34.043741,0.03460958156545202
34.064946,0.7899450535535937,34.064946,0.03518789044245107
34.086151,0.7907281482917973,34.086151,0.03577715054297059
34.107356,0.7914931235891547,34.107356,0.03637807978600427
34.12856,0.7922406296035343,34.12856,0.03698939300129687
34.149765,0.7929694818600409,34.149765,0.03761115740550533
34.17097,0.7936784392528202,34.17097,0.03824218789233307
34.192175,0.7943682059820598,34.192175,0.03888247259570905
34.21338,0.7950369420388101,34.21338,0.03953149638481299
34.234584,0.7956846598109173,34.234584,0.04018803128314534
34.255789,0.7963107723294638,34.255789,0.04085151316594383
34.276994,0.7969146913152626,34.276994,0.04152138285390181
34.298199,0.7974957939095508,34.298199,0.04219646079264042
34.319404,0.7980541454815123,34.319404,0.04287678999443614
34.340609,0.7985890491032895,34.340609,0.04355995119024067
34.361813,0.7990999036344283,34.361813,0.04424540641188072
34.383018,0.799586140769413,34.383018,0.04493324504777906
34.404223,0.8000489185196206,34.404223,0.04562096036269423
34.425428,0.8004863769958859,34.425428,0.0463080960092223
34.446633,0.8008997312247179,34.446633,0.04699339821533758
34.467838,0.8012883217389356,34.467838,0.04767572291219094
34.489042,0.8016520684504977,34.489042,0.04835327135739013
34.510247,0.8019909972079247,34.510247,0.04902611143626873
34.531452,0.8023062580505202,34.531452,0.04969237071249361
34.552657,0.8025965476727925,34.552657,0.05035095169195171
34.573862,0.802863621247818,34.573862,0.05099994434467133
34.595066,0.8031068628905194,34.595066,0.05163945412038339
34.616271,0.8033273541224057,34.616271,0.05226698653361456
34.637476,0.8035256685875284,34.637476,0.0528819447357472
34.658681,0.8037023348258965,34.658681,0.05348310952625464
34.679886,0.8038579176504153,34.679886,0.05406987857635559
34.701091,0.8039928943818868,34.701091,0.05464040827596361
34.722295,0.8041090586913509,34.722295,0.05519400573876083
34.7435,0.8042069200787348,34.7435,0.05572943838336052
34.764705,0.8042876461185464,34.764705,0.05624604607358626
34.78591,0.8043524020128719,34.78591,0.05674316367525389
34.807115,0.8044016445485495,34.807115,0.05721892827038103
34.82832,0.8044372849030782,34.82832,0.05767447739022927
34.849524,0.8044603505326503,34.849524,0.05810727647304077
34.870729,0.8044720890802668,34.870729,0.05851787854295958
34.891934,0.8044743231962475,34.891934,0.0589061684550991
34.913139,0.8044675033848961,34.913139,0.05927026237775463
34.934344,0.8044541617993528,34.934344,0.05961122743493347
34.955548,0.8044348414734506,34.955548,0.05992840875924577
34.976753,0.8044113224533135,34.976753,0.06022105687455873
34.997958,0.8043849070865288,34.997958,0.06049031946190637
35.019163,0.8043567612935684,35.019163,0.06073548747378527
35.040368,0.8043294289476665,35.040368,0.06095761044594343
35.061573,0.8043034620053884,35.061573,0.06115602173010475
35.082777,0.8042801261931901,35.082777,0.06133124317453469
35.103982,0.8042613078673412,35.103982,0.06148374852337962
35.125187,0.8042489430941987,35.125187,0.06161462868617782
35.146392,0.8042430687924842,35.146392,0.06172449838396904
35.167597,0.8042455304560863,35.167597,0.06181321265386187
35.188802,0.8042570815458565,35.188802,0.06188257603444214
35.210006,0.8042802362095267,35.210006,0.06193301508284654
35.231211,0.8043150850889174,35.231211,0.06196576556125412
35.252416,0.80436233776636,35.252416,0.06198201688364165
35.273621,0.8044239401453062,35.273621,0.06198286439733944
35.294826,0.804500554596501,35.294826,0.06196888207865112
35.31603,0.8045928908977044,35.31603,0.06194126317024137
35.337235,0.8047011356104661,35.337235,0.06190248502906689
35.35844,0.8048265671505256,35.35844,0.06185307746021452
35.379645,0.8049693223061932,35.379645,0.06179490152182325
35.40085,0.805130059171123,35.40085,0.06172853619595991
35.422055,0.8053095288003435,35.422055,0.06165579596948986
35.443259,0.8055078627005204,35.443259,0.06157854230461001
35.464464,0.8057245261924588,35.464464,0.06149806588879255
35.485669,0.8059602639508332,35.485669,0.0614161792013851
35.506874,0.80621506030037,35.506874,0.06133289048405698
35.528079,0.8064885159153111,35.528079,0.06125133715504427
35.549284,0.8067806584228695,35.549284,0.06117214076063308
35.570488,0.807090375107454,35.570488,0.06109724700091346
35.591693,0.8074183069448424,35.591693,0.06102722662611875
35.612898,0.8077639543939348,35.612898,0.06096397311631482
35.634103,0.8081255400095234,35.634103,0.06090885334402368
35.655308,0.8085037478260004,35.655308,0.06086304501657069
35.676512,0.8088974154621615,35.676512,0.06082786155508693
35.697717,0.8093053355637977,35.697717,0.06080399799380892
35.718922,0.8097263025704801,35.718922,0.06079214648670173
35.740127,0.810160478586758,35.740127,0.06079474536442173
35.761332,0.8106065681491301,35.761332,0.06081125164400494
35.782537,0.811062849674091,35.782537,0.06084362021985038
35.803741,0.8115280345523108,35.803741,0.06089130368399458
35.824946,0.8120022460633243,35.824946,0.06095611217821681
35.846151,0.8124830683654773,35.846151,0.06103881044532943
35.867356,0.812969789144068,35.867356,0.06113818823738841
35.888561,0.8134613172348939,35.888561,0.06125613959048442
35.909766,0.8139564277103569,35.909766,0.06139272115654573
35.93097,0.8144532894391292,35.93097,0.06154803553500348
35.952175,0.8149512509938435,35.952175,0.061721483264991
35.97338,0.8154491463142659,35.97338,0.06191373211707628
35.994585,0.815945111983261,35.994585,0.06212427681169795
36.01579,0.8164379919224781,36.01579,0.06235378620748187
36.036994,0.8169271034260108,36.036994,0.06260105679628954
36.058199,0.8174118589766161,36.058199,0.06286610530013129
36.079404,0.8178898036103277,36.079404,0.06314848256086979
36.100609,0.8183609181370993,36.100609,0.06344755577795246
36.121814,0.8188233626904823,36.121814,0.06376283625866173
36.143019,0.8192771216497167,36.143019,0.06409369749549892
36.164223,0.8197210144670417,36.164223,0.06444021693690986
36.185428,0.8201542784352958,36.185428,0.06480000336204164
36.206633,0.8205757360549579,36.206633,0.06517314325806267
36.227838,0.8209853748059779,36.227838,0.06555902413331041
36.249043,0.8213819231126605,36.249043,0.06595652823074037
36.270248,0.8217659724187609,36.270248,0.06636500150946739
36.291452,0.8221356459189196,36.291452,0.06678338334136023
36.312657,0.8224920876450852,36.312657,0.06721037299978738
36.333862,0.8228340719837851,36.333862,0.06764547300017112
36.355067,0.8231615308557851,36.355067,0.06808748696228764
36.376272,0.8234744435918111,36.376272,0.0685358245652801
36.397476,0.8237727878029216,36.397476,0.0689898972647254
36.418681,0.8240570402598072,36.418681,0.06944786247073012
36.439886,0.8243265702185228,36.439886,0.06990918657968678
36.461091,0.8245819500304096,36.461091,0.07037323579282807
36.482296,0.824823147447469,36.482296,0.07083942804081074
36.503501,0.8250506778754553,36.503501,0.07130652889286014
36.524705,0.8252645560032427,36.524705,0.07177455952654202
36.54591,0.8254658928989043,36.54591,0.07224223376519734
36.567115,0.8256540980304635,36.567115,0.07270962518469205
36.58832,0.8258308775500222,36.58832,0.07317539419121515
36.609525,0.8259955837169485,36.609525,0.07363901357230938
36.630729,0.8261488762667554,36.630729,0.07410105098325298
36.651934,0.8262919069509101,36.651934,0.07456081740815135
36.673139,0.8264252245429803,36.673139,0.07501767632308724
36.694344,0.8265482305852911,36.694344,0.07547169988595473
36.715549,0.8266633258036504,36.715549,0.07592268586366126
36.736754,0.8267693105538383,36.736754,0.07637075928435583
36.757958,0.8268679279413855,36.757958,0.07681516945291714
36.779163,0.8269592879393671,36.779163,0.07725712853313323
36.800368,0.8270439331712982,36.800368,0.07769599343242001
36.821573,0.8271230602065445,36.821573,0.07813166275869803
36.842778,0.8271955822137961,36.842778,0.07856545827538404
36.863983,0.8272632386537999,36.863983,0.07899662035792292
36.885187,0.8273261423950953,36.885187,0.07942635513700355
36.906392,0.8273842352608582,36.906392,0.07985407164443907
36.927597,0.8274388293545415,36.927597,0.08028085901143647
36.948802,0.8274887857688891,36.948802,0.08070743815330975
36.970007,0.8275353026204333,36.970007,0.08113369881308334
36.991211,0.8275784394901596,36.991211,0.08156024465980856
37.012416,0.8276182571137782,37.012416,0.08198767900146937
37.033621,0.8276542787706808,37.033621,0.08241726255715988
37.054826,0.827687106923368,37.054826,0.08284894065209703
37.076031,0.8277162078190481,37.076031,0.08328337581021525
37.097236,0.827742245115984,37.097236,0.08372111053760424
37.11844,0.8277634919573174,37.11844,0.08416292899710574
37.139645,0.8277806759043116,37.139645,0.08460997222904028
37.16085,0.8277937448014097,37.16085,0.08506164783462146
37.182055,0.8278016352287201,37.182055,0.08551928020828325
37.20326,0.8278038224788681,37.20326,0.08598353627657597
37.224465,0.8277996587117104,37.224465,0.08645388923133607
37.245669,0.8277887460355132,37.245669,0.08693220383176453
37.266874,0.8277705017208454,37.266874,0.08741855363239712
37.288079,0.8277442799543868,37.288079,0.08791241662704084
37.309284,0.8277084306778526,37.309284,0.0884151922193997
37.330489,0.8276635037475221,37.330489,0.08892623592407659
37.351693,0.827607190623291,37.351693,0.08944641955593552
37.372898,0.8275395085500939,37.372898,0.089975764577641
37.394103,0.8274592805190639,37.394103,0.09051442380707514
37.415308,0.8273646668560561,37.415308,0.0910620226100468
37.436513,0.827255683683551,37.436513,0.09161859083580819
37.457718,0.8271304890666837,37.457718,0.0921837618221964
37.478922,0.8269885001758845,37.478922,0.09275763808527611
37.500127,0.8268284691359479,37.500127,0.09333979523062438
37.521332,0.8266491455555912,37.521332,0.09392981341293642
37.542537,0.8264498051069828,37.542537,0.09452661192156403
37.563742,0.8262286617547193,37.563742,0.09513044467989379
37.584947,0.8259849145394343,37.584947,0.09573964198134827
37.606151,0.8257178946231359,37.606151,0.0963537311206175
37.627356,0.8254256641737934,37.627356,0.09697178495185114
37.648561,0.8251080712882481,37.648561,0.09759267034471791
37.669766,0.8247637626122257,37.669766,0.0982153965439015
37.690971,0.8243925733153415,37.690971,0.09883883314513071
37.712175,0.8239924657141816,37.712175,0.09946146768340465
37.73338,0.8235631860799419,37.73338,0.1000815740590902
37.754585,0.8231044716232975,37.754585,0.100697424029951
37.77579,0.8226150003686395,37.77579,0.1013086315744955
37.796995,0.8220950173449677,37.796995,0.1019127938161963
37.8182,0.8215435584441833,37.8182,0.1025076505492699
37.839404,0.8209603968609425,37.839404,0.10309206183832
37.860609,0.8203458222199814,37.860609,0.1036642080651638
37.881814,0.8196988389232945,37.881814,0.104221814089936
37.903019,0.8190203169966284,37.903019,0.1047629689024591
37.924224,0.8183099178921825,37.924224,0.1052859046630199
37.945429,0.817568496742478,37.945429,0.1057886896872971
37.966633,0.8167956209184064,37.966633,0.1062689340846391
37.987838,0.8159927332717375,37.987838,0.1067246023758387
38.009043,0.81516075062908,38.009043,0.107154324999813
38.030248,0.8142992217714567,38.030248,0.1075556719917646
38.051453,0.8134101829083894,38.051453,0.1079264826586111
38.072657,0.8124950682845827,38.072657,0.1082646571452047
38.093862,0.8115541842581768,38.093862,0.108568844458043
38.115067,0.8105895728953328,38.115067,0.1088368305613421
38.136272,0.8096028396037991,38.136272,0.1090676757547105
38.157477,0.8085954337181688,38.157477,0.1092592121053118
38.178682,0.8075694190101464,38.178682,0.1094091701841547
38.199886,0.8065265093585345,38.199886,0.1095171689647889
38.221091,0.8054694844406376,38.221091,0.1095814325744392
38.242296,0.8043993940814572,38.242296,0.1096010273611323
38.263501,0.8033191319351292,38.263501,0.1095747586491046
38.284706,0.8022310010579949,38.284706,0.1095015025399766
38.305911,0.8011374074458127,38.305911,0.1093807369192495
38.327115,0.8000414752196003,38.327115,0.1092124629863932
38.34832,0.7989448735562448,38.34832,0.1089950043892104
38.369525,0.7978502407488972,38.369525,0.1087290516056912
38.39073,0.7967606866776008,38.39073,0.1084139835766678
38.411935,0.7956795156795954,38.411935,0.1080504126420415
38.433139,0.7946075035348837,38.433139,0.1076386764780219
38.454344,0.7935491514623658,38.454344,0.1071786162750797
38.475549,0.7925060630212071,38.475549,0.106671739112913
38.496754,0.7914816346045879,38.496754,0.1061186972985932
38.517959,0.7904774231125498,38.517959,0.1055204077449328
38.539164,0.7894968659109625,38.539164,0.1048775537626239
38.560368,0.7885417185577435,38.560368,0.1041923313204938
38.581573,0.7876142874141889,38.581573,0.1034662541071267
38.602778,0.786717515731355,38.602778,0.1027007768155375
38.623983,0.7858525644634647,38.623983,0.1018982486297185
38.645188,0.7850216866483051,38.645188,0.1010596284781902
38.666393,0.7842274649519627,38.666393,0.1001884064399769
38.687597,0.7834702782088035,38.687597,0.09928583401764829
38.708802,0.7827526251868772,38.708802,0.09835482823404104
38.730007,0.7820755855333165,38.730007,0.09739723552175136
38.751212,0.7814403883035784,38.751212,0.09641618366253435
38.772417,0.780847541691982,38.772417,0.09541427234125724
38.793621,0.7802982473380763,38.793621,0.09439467569134165
38.814826,0.7797934636173187,38.814826,0.09335869482964357
38.836031,0.7793330992751185,38.836031,0.0923096941050157
38.857236,0.778918231919289,38.857236,0.09125027132163072
38.878441,0.7785480942204511,38.878441,0.09018389553737559
38.899646,0.7782230149004316,38.899646,0.08911263053415712
38.92085,0.7779421078617422,38.92085,0.08803932748704241
38.942055,0.7777062966570009,38.942055,0.08696599254850737
38.96326,0.7775140872994895,38.96326,0.08589619286766052
38.984465,0.7773643844921793,38.984465,0.0848315170022604
39.00567,0.7772574847769748,39.00567,0.08377468377636001
39.026875,0.7771911190159523,39.026875,0.08272868593944946
39.048079,0.7771647689600538,39.048079,0.08169503113858138
39.069284,0.777177331662157,39.069284,0.08067592484446756
39.090489,0.7772269847285729,39.090489,0.07967299285372265
39.111694,0.7773119564409752,39.111694,0.07868848471089299
39.132899,0.7774317329224442,39.132899,0.07772450935705244
39.154103,0.7775831760727216,39.154103,0.07678278264911462
39.175308,0.777765622677882,39.175308,0.07586411417471095
39.196513,0.7779765547418989,39.196513,0.07497012557062194
39.217718,0.7782147202022319,39.217718,0.07410229915082325
39.238923,0.7784774672525288,39.238923,0.07326095153567175
39.260128,0.7787635955968116,39.260128,0.07244817338535461
39.281332,0.7790704492092705,39.281332,0.07166425071913204
39.302537,0.7793966475154537,39.302537,0.0709093375961746
39.323742,0.7797390186982116,39.323742,0.07018502176711132
39.344947,0.7800968215952161,39.344947,0.06949137401835101
39.366152,0.7804667193713519,39.366152,0.06882804694512616
39.387357,0.7808480927362911,39.387357,0.06819636302548283
39.408561,0.7812375060748457,39.408561,0.06759468098929296
39.429766,0.781633769766069,39.429766,0.06702499562637786
39.450971,0.7820353697703075,39.450971,0.06648548391778139
39.472176,0.7824396949296427,39.472176,0.06597633061630638
39.493381,0.7828447229296406,39.493381,0.06549702450329775
39.514585,0.7832484925749501,39.514585,0.06504768344016273
39.53579,0.7836501601094352,39.53579,0.06462641441038894
39.556995,0.7840478315135185,39.556995,0.06423396376568086
39.5782,0.7844387268071961,39.5782,0.06386795843687865
39.599405,0.784822866585746,39.599405,0.06352898484839528
39.62061,0.785197538510645,39.62061,0.06321530260289664
39.641814,0.7855613559780027,39.641814,0.06292570226861337
39.663019,0.7859135709239032,39.663019,0.06265892564001563
39.684224,0.7862528081850626,39.684224,0.06241376754288112
39.705429,0.7865771161151386,39.705429,0.06218970651167477
39.726634,0.7868863428724161,39.726634,0.06198480942235423
39.747838,0.7871790773112481,39.747838,0.06179724716027445
39.769043,0.7874539620179176,39.769043,0.06162582492523649
39.790248,0.7877109044109755,39.790248,0.06146925189033264
39.811453,0.7879485024390909,39.811453,0.06132570827969219
39.832658,0.7881672973538225,39.832658,0.06119386095049848
39.853863,0.7883652595728224,39.853863,0.06107194528851838
39.875067,0.7885435132435148,39.875067,0.06095795500527545
39.896272,0.7887000793141261,39.896272,0.06085076096573483
39.917477,0.7888367116297923,39.917477,0.06074831367951025
39.938682,0.7889520125114603,39.938682,0.06064880910523687
39.959887,0.7890459410907212,39.959887,0.06055160734234951
39.981092,0.7891195219925251,39.981092,0.06045345308343781
40.002296,0.7891727606716343,40.002296,0.06035433858546252
40.023501,0.7892060985353465,40.023501,0.06025168848574265
40.044706,0.7892200727835732,40.044706,0.06014418745405733
40.065911,0.7892145420933616,40.065911,0.06002993796127429
40.087116,0.7891907203638159,40.087116,0.05990820568468475
40.10832,0.7891497732179757,40.10832,0.05977762599821458
40.129525,0.7890921888210053,40.129525,0.05963625120952068
40.15073,0.7890192287077021,40.15073,0.05948397490498555
40.171935,0.7889319648931706,40.171935,0.05931816947781667
40.19314,0.7888310304401173,40.19314,0.0591387739576776
40.214345,0.7887182724136219,40.214345,0.05894500181633812
40.235549,0.7885942318204024,40.235549,0.05873552979594803
40.256754,0.7884608066226757,40.256754,0.05851020064980519
40.277959,0.78831917279834,40.277959,0.05826764283424355
40.299164,0.7881706488961293,40.299164,0.0580083768204687
40.320369,0.7880164160216071,40.320369,0.05773103081998816
40.341574,0.787858428479127,40.341574,0.05743608034676102
40.362778,0.7876972882746801,40.362778,0.05712283217142355
40.383983,0.78753563165707,40.383983,0.05679235097704862
40.405188,0.7873740655807091,40.405188,0.0564439469659475
40.426393,0.7872132899666564,40.426393,0.05607819451558019
40.447598,0.7870558571499382,40.447598,0.05569490348338671
40.468802,0.7869018830945305,40.468802,0.05529533088532833
40.490007,0.7867532915507105,40.490007,0.05487933824197676
40.511212,0.7866108753998738,40.511212,0.05444877682148414
40.532417,0.7864758840285963,40.532417,0.05400292731474995
40.553622,0.7863491096519187,40.553622,0.05354364808607406
40.574827,0.7862312559791712,40.574827,0.05307153548358222
40.596031,0.7861236594650174,40.596031,0.05258714643970036
40.617236,0.7860258404049325,40.617236,0.05209243500049068
40.638441,0.7859391312822901,40.638441,0.05158796449522658
40.659646,0.7858636380023857,40.659646,0.05107501869157376
40.680851,0.7858000152358158,40.680851,0.05055357499335079
40.702056,0.7857484454679979,40.702056,0.05002618869527367
40.72326,0.7857083105782291,40.72326,0.04949292183428956
40.744465,0.7856810119870421,40.744465,0.04895561864569328
40.76567,0.7856646979497912,40.76567,0.04841505555647464
40.786875,0.7856600499039716,40.786875,0.04787184992363688
40.80808,0.7856671513600476,40.80808,0.04732729367090456
40.829284,0.7856847757313037,40.829284,0.04678212068674495
40.850489,0.7857129621971504,40.850489,0.04623698697602033
40.871694,0.7857511135067906,40.871694,0.04569258558192258
40.892899,0.7857986301140746,40.892899,0.04514960785163188
40.914104,0.7858542760556122,40.914104,0.04460877934768558
40.935309,0.7859187158668227,40.935309,0.04407071533065414
40.956513,0.7859894059143983,40.956513,0.04353557407073592
40.977718,0.7860675728853986,40.977718,0.04300266435863798
40.998923,0.7861507427031277,40.998923,0.04247340641718274
41.020128,0.7862395410403566,41.020128,0.04194777580934096
41.041333,0.7863319901496637,41.041333,0.04142461505832955
41.062538,0.7864287841941988,41.062538,0.04090516604496036
41.083742,0.7865279148386232,41.083742,0.04038763202259341
41.104947,0.786629441900165,41.104947,0.03987328509372109
41.126152,0.7867332949557855,41.126152,0.0393608611692738
41.147357,0.7868381704084471,41.147357,0.03884979294297825
41.168562,0.7869434005390872,41.168562,0.03833947902648611
41.189766,0.7870496480454559,41.189766,0.03783052323819905
41.210971,0.7871561559854076,41.210971,0.03732042210001416
41.232176,0.7872623520556328,41.232176,0.03681047356618945
41.253381,0.7873687528792448,41.253381,0.03629811304485839
41.274586,0.7874747582946993,41.274586,0.03578400412607825
41.295791,0.7875809487171754,41.295791,0.03526685103955496
41.316995,0.7876872742340558,41.316995,0.03474538804325996
41.3382,0.7877937709377451,41.3382,0.03422025026665307
41.359405,0.7879009983538058,41.359405,0.03368951182376908
41.38061,0.7880096276763118,41.38061,0.03315378274887207
41.401815,0.7881189567306017,41.401815,0.03261119375508868
41.42302,0.7882308993982295,41.42302,0.03206167129364475
41.444224,0.7883461026076103,41.444224,0.031505197930004
41.465429,0.788464555168929,41.465429,0.03094114990974216
41.486634,0.7885868809743729,41.486634,0.0303688795461692
41.507839,0.7887143387314781,41.507839,0.02978771761368808
41.529044,0.788847625985954,41.529044,0.02919892161836857
41.550248,0.7889879773662045,41.550248,0.02860119627593022
41.571453,0.7891360653675175,41.571453,0.02799517215033289
41.592658,0.7892918835634016,41.592658,0.02738023847709318
41.613863,0.7894580223315574,41.613863,0.02675759749405437
41.635068,0.789633861832473,41.635068,0.02612729898908139
41.656273,0.7898206592063599,41.656273,0.02548869767502518
41.677477,0.7900197520108119,41.677477,0.02484368264216689
41.698682,0.7902317798546135,41.698682,0.02419226926499619
41.719887,0.7904567492471173,41.719887,0.02353449447767853
41.741092,0.79069598458445,41.741092,0.02287225476363658
41.762297,0.7909501169105365,41.762297,0.02220557229146548
41.783502,0.7912198100865877,41.783502,0.02153573480185648
41.804706,0.7915044427173474,41.804706,0.02086343311391507
41.825911,0.7918059152779111,41.825911,0.02018929095066077
41.847116,0.792123630150067,41.847116,0.01951526177431597
41.868321,0.792458214087536,41.868321,0.01884200294042336
41.889526,0.7928090288534029,41.889526,0.01817020174560058
41.91073,0.7931773380299356,41.91073,0.01750113037076722
41.931935,0.7935618783742459,41.931935,0.01683611620478971
41.95314,0.7939626424822129,41.95314,0.01617645379365281
41.974345,0.7943796054068696,41.974345,0.01552280536417377
41.99555,0.7948121338527199,41.99555,0.01487710050761644
42.016755,0.7952595550103537,42.016755,0.01423937622459949
42.037959,0.7957212182774783,42.037959,0.01361092270914317
42.059164,0.7961964698978627,42.059164,0.01299302419832014
42.080369,0.7966846435102531,42.080369,0.0123863313801567
42.101574,0.7971838272746387,42.101574,0.0117921358642433
42.122779,0.7976933547434727,42.122779,0.01121107496611395
42.143984,0.7982113068844723,42.143984,0.01064379811050416
42.165188,0.7987357680758446,42.165188,0.01009094662107914
42.186393,0.7992648338961809,42.186393,0.009553779518581778
42.207598,0.799795963048895,42.207598,0.009032303654623932
42.228803,0.8003253790822359,42.228803,0.008527156801932131
42.250008,0.8008499327768475,42.250008,0.00803833494457416
42.271212,0.8013621286541145,42.271212,0.007567115768478442
42.292417,0.8018551003446152,42.292417,0.007113504668796865
42.313622,0.8023145152805735,42.313622,0.00667693267163019
42.334827,0.8027173673450515,42.334827,0.006258740877398273
42.356032,0.8030163898936352,42.356032,0.005858535466035933
42.377237,0.8030921515380992,42.377237,0.005477578122977471
42.398441,0.8024544812064301,42.398441,0.005118047311325914
